Word,Frequency
i,2185
you,1837
u,987
and,848
me,756
my,743
it,590
of,524
for,501
that,486
im,451
have,438
but,418
your,414
so,412
not,406
do,377
can,376
if,347
will,334
be,332
get,307
its,297
we,297
just,289
now,289
up,284
ltgt,276
when,274
no,273
ok,272
with,271
dont,257
how,255
go,249
this,243
what,242
ur,240
all,239
ill,236
know,232
got,232
call,229
like,229
or,228
come,224
then,223
good,222
was,222
out,211
day,191
time,189
love,185
there,185
he,184
going,167
want,163
one,162
home,160
lor,160
about,159
need,156
sorry,153
from,150
still,146
see,137
by,135
n,135
later,134
r,131
da,131
only,131
she,130
back,129
think,128
well,126
today,125
send,123
tell,121
м,120
some,119
cant,118
hi,117
did,116
her,113
take,112
much,112
here,111
oh,111
they,109
him,108
night,107
hey,106
any,105
happy,105
too,104
d,102
way,100
great,100
hope,99
pls,98
where,98
dear,97
work,96
wat,95
thats,94
give,93
an,92
say,91
already,89
right,89
ask,88
make,88
should,88
been,87
said,86
has,86
doing,85
yeah,85
really,85
had,84
after,84
amp,82
tomorrow,80
phone,80
more,79
them,79
were,79
didnt,79
e,78
morning,77
please,76
cos,76
very,75
life,74
ive,73
lol,73
anything,73
would,72
meet,72
sure,71
k,71
yes,71
babe,70
let,70
miss,69
pick,69
something,68
text,68
also,68
why,67
new,67
week,66
last,65
number,64
our,63
b,63
feel,62
care,62
buy,62
again,62
keep,62
who,61
went,61
thanks,61
thing,60
c,60
before,60
around,59
his,59
free,59
sent,58
gonna,58
wait,57
tonight,57
nice,57
many,56
sleep,56
soon,56
off,56
always,56
first,56
us,55
late,55
over,55
even,55
down,55
dun,55
ya,55
msg,54
place,54
wan,53
friends,53
money,53
told,53
leave,53
could,53
gud,53
which,52
мп,52
youre,51
things,51
other,51
wont,51
message,51
coming,50
wish,50
find,50
thk,50
yet,48
same,48
haha,48
v,47
people,47
next,46
hello,46
thought,46
getting,46
lunch,45
havent,45
done,45
someone,45
fine,45
smile,44
year,44
man,44
few,44
hows,44
job,43
yup,43
bit,43
reply,43
meeting,43
class,43
finish,42
never,42
y,42
long,42
try,42
having,42
stuff,42
better,41
talk,40
x,40
person,40
heart,40
every,40
cool,40
may,39
dat,39
mind,39
car,39
eat,38
lar,38
th,38
best,38
stop,37
than,37
being,37
use,36
because,36
help,36
waiting,36
friend,36
yo,36
another,35
jus,35
problem,35
ready,35
birthday,35
big,35
house,35
dinner,35
liao,35
check,34
name,34
quite,34
shit,34
nothing,34
room,34
watching,34
might,34
lot,34
once,33
sweet,33
probably,33
early,33
watch,33
aight,33
sir,33
actually,32
called,32
guys,32
ever,32
special,32
thanx,32
hes,32
princess,32
bed,32
world,32
den,32
whats,32
plan,32
pa,32
two,31
dunno,31
guess,31
remember,31
god,31
forgot,31
kiss,31
pay,30
ah,30
bus,30
bad,30
boy,30
hour,30
shall,29
face,29
girl,29
left,29
shes,29
luv,29
hear,29
id,29
does,29
everything,29
enjoy,29
those,29
working,29
leh,29
maybe,29
fuck,28
dis,28
made,28
tmr,28
month,28
baby,28
days,28
start,28
without,28
trying,28
look,28
put,28
dad,28
wanna,28
says,27
school,27
nite,27
sat,27
little,27
wif,27
minutes,27
afternoon,27
thank,27
enough,27
anyway,27
okay,26
hav,26
wake,26
able,26
min,26
missing,26
abt,26
came,26
most,26
goes,26
means,26
end,26
reach,26
wanted,26
evening,26
though,26
bring,26
doesnt,26
times,25
plz,25
til,25
juz,25
theres,25
since,25
half,25
mail,24
real,24
while,24
hair,24
weekend,24
office,24
town,24
de,24
pm,24
guy,24
wen,24
pain,24
oso,23
ltdecimalgt,23
run,23
shopping,23
haf,23
speak,23
food,23
wife,23
else,23
lei,23
dude,23
wot,23
makes,23
making,23
alright,23
saw,23
st,23
fun,22
s,22
change,22
asked,22
test,22
true,22
must,22
until,22
tv,22
sch,22
worry,22
words,22
online,22
hurt,22
together,21
goin,21
missed,21
xxx,21
tot,21
away,21
family,21
full,21
sad,21
show,21
ard,21
friendship,21
yourself,21
years,21
part,21
between,21
till,21
account,20
wants,20
lose,20
play,20
mean,20
drive,20
happen,20
both,20
smiling,20
stay,20
yesterday,20
huh,20
story,20
beautiful,20
looking,20
driving,20
noe,20
saying,20
finished,19
feeling,19
rite,19
awesome,19
bored,19
took,19
coz,19
thinking,19
leaving,19
set,19
okie,19
aft,19
cause,18
brother,18
easy,18
wil,18
walk,18
old,18
angry,18
head,18
plus,18
movie,18
details,18
sms,18
bt,18
second,18
comes,18
neva,18
believe,18
busy,17
sleeping,17
tho,17
tomo,17
smoke,17
sis,17
simple,17
book,17
live,17
drink,17
knw,17
dreams,17
sister,17
lesson,17
isnt,17
lets,17
address,17
taking,17
email,17
started,17
trip,17
g,17
whatever,17
found,16
prob,16
parents,16
happened,16
hours,16
open,16
boytoy,16
wid,16
anyone,16
kind,16
ha,16
treat,16
drop,16
far,16
sun,16
touch,16
gd,16
everyone,16
these,16
decided,16
forget,16
smth,16
mine,16
search,15
college,15
oredi,15
bday,15
needs,15
wit,15
hand,15
question,15
lots,15
carlos,15
type,15
pretty,15
gone,15
outside,15
loving,15
lovely,15
pub,15
ring,15
o,15
mobile,15
light,15
mum,15
nope,15
wonderful,15
company,15
sea,15
sounds,15
fucking,15
fast,14
project,14
mrng,14
whole,14
alone,14
mu,14
w,14
post,14
wrong,14
read,14
course,14
calling,14
finally,14
party,14
friday,14
mate,14
frnds,14
ы,14
chat,14
important,14
goodmorning,14
seeing,14
eve,14
case,14
meant,14
close,14
darlin,14
hold,14
nt,14
used,14
answer,14
telling,14
reason,14
snow,14
card,13
fri,13
break,13
earlier,13
least,13
youll,13
chennai,13
happiness,13
hard,13
wats,13
per,13
their,13
mayb,13
available,13
point,13
yar,13
ass,13
bslvyl,13
fr,13
wasnt,13
hee,13
cut,13
gas,13
txt,13
reading,13
mah,13
xmas,13
almost,13
dnt,13
bout,13
ten,13
side,13
shop,13
talking,13
march,13
felt,13
picking,12
semester,12
tired,12
swing,12
father,12
blue,12
tel,12
takes,12
ni,12
darren,12
sexy,12
contact,12
laptop,12
word,12
mins,12
game,12
ugh,12
hell,12
grins,12
gr,12
either,12
bank,12
couple,12
minute,12
chikku,12
ago,12
ish,12
listen,12
chance,12
through,12
difficult,12
john,12
knew,12
gym,12
supposed,12
die,12
seen,12
holiday,12
cash,12
hungry,12
nd,12
eh,12
uncle,12
mom,12
calls,12
gotta,12
askd,12
wine,11
abiola,11
wonder,11
whenever,11
plans,11
loved,11
park,11
checking,11
feels,11
safe,11
bath,11
paper,11
christmas,11
girls,11
gets,11
comin,11
slowly,11
move,11
lost,11
wana,11
crave,11
truth,11
muz,11
shower,11
exam,11
hmm,11
lovable,11
small,11
don,11
frm,11
jay,11
orchard,11
asking,11
win,11
rs,11
kate,11
usf,11
join,11
hit,11
gal,10
write,10
mr,10
leaves,10
drugs,10
slow,10
rd,10
monday,10
nah,10
m,10
myself,10
whos,10
re,10
youve,10
own,10
rock,10
gave,10
loads,10
police,10
india,10
bcoz,10
hrs,10
press,10
charge,10
understand,10
callertune,10
kids,10
poor,10
download,10
different,10
wishing,10
sort,10
sound,10
na,10
months,10
bathe,10
deep,10
voice,10
otherwise,10
hospital,10
mm,10
doin,10
stupid,10
yep,10
wow,10
frnd,10
water,10
less,10
ex,10
booked,10
cost,10
hoping,10
reached,10
spend,10
crazy,10
oops,10
woke,10
empty,10
moment,10
somewhere,10
ure,10
sell,10
sending,10
across,10
confirm,10
figure,10
seriously,9
near,9
others,9
thinkin,9
wondering,9
laugh,9
colleagues,9
itself,9
ыт,9
mode,9
decide,9
tampa,9
catch,9
merry,9
messages,9
short,9
song,9
rain,9
convey,9
lazy,9
doctor,9
silent,9
date,9
aint,9
bold,9
noon,9
fact,9
train,9
xy,9
promise,9
lessons,9
via,9
frens,9
urself,9
copy,9
cum,9
texts,9
tht,9
moms,9
rent,9
met,9
mrt,9
ho,9
seems,9
sick,9
glad,9
sitting,9
wed,9
buying,9
study,9
worries,9
boss,9
situation,9
lect,9
worried,9
accept,9
each,9
support,9
lucky,9
hiya,9
gods,9
against,9
fone,9
hmmm,9
meh,9
forever,9
somebody,9
unless,9
knows,9
staying,9
em,9
joys,9
rest,9
trust,9
eyes,9
studying,9
disturb,9
especially,9
saturday,9
customer,9
reaching,9
training,8
brings,8
valentine,8
slept,8
heard,8
medical,8
ends,8
possible,8
gettin,8
fingers,8
mo,8
pizza,8
none,8
power,8
opinion,8
gt,8
rose,8
lemme,8
planning,8
spent,8
road,8
correct,8
south,8
todays,8
trouble,8
nigeria,8
yours,8
il,8
daddy,8
normal,8
pete,8
nyt,8
facebook,8
congrats,8
workin,8
weed,8
hurts,8
sunday,8
warm,8
goodnight,8
cheers,8
wednesday,8
mark,8
movies,8
loves,8
cover,8
visit,8
tuesday,8
pray,8
apartment,8
longer,8
funny,8
dead,8
sometimes,8
sofa,8
din,8
youd,8
ones,8
style,8
wheres,8
nobody,8
aha,8
film,8
library,8
deal,8
add,8
completely,8
hr,8
anymore,8
kinda,8
bb,8
omg,8
invited,8
wishes,8
tonite,8
mon,8
mood,8
quick,8
bak,8
slave,8
dream,7
save,7
showing,7
holla,7
usual,7
wun,7
complete,7
walking,7
using,7
request,7
tickets,7
la,7
yest,7
malaria,7
tear,7
bugis,7
holding,7
however,7
hot,7
tough,7
single,7
eatin,7
fat,7
bother,7
thru,7
offer,7
paying,7
share,7
forward,7
energy,7
air,7
giving,7
ice,7
experience,7
depends,7
weight,7
excellent,7
ahead,7
planned,7
heavy,7
honey,7
lift,7
yoga,7
price,7
worse,7
kb,7
xx,7
cell,7
msgs,7
under,7
pics,7
cine,7
net,7
towards,7
happens,7
order,7
players,7
news,7
lover,7
rather,7
dog,7
hw,7
umma,7
wk,7
ar,7
buzz,7
murdered,7
present,7
miracle,7
appreciate,7
vl,7
excuse,7
coffee,7
cuz,7
shuhui,7
thnk,7
choose,7
sense,7
interested,7
idea,7
liked,7
men,7
shd,7
torch,7
omw,7
past,7
persons,7
imma,7
lttimegt,7
round,7
looks,7
bill,7
cute,7
valentines,7
sucks,7
gift,7
stand,7
surprise,7
sit,7
hop,7
insurance,7
ge,7
list,7
naughty,7
pleasure,7
imagine,7
door,7
computer,7
arent,7
clean,7
housemaid,7
hai,7
theyre,7
murderer,7
waste,7
izzit,7
awake,7
during,7
happening,7
battery,7
alex,7
inside,7
line,7
eating,7
instead,7
log,7
al,7
sight,7
bucks,7
luck,7
self,6
plenty,6
vikky,6
pass,6
january,6
evng,6
expensive,6
remove,6
directly,6
yay,6
campus,6
nxt,6
return,6
aftr,6
lmao,6
tea,6
keeping,6
behind,6
report,6
nature,6
children,6
wer,6
p,6
wiv,6
tat,6
group,6
gap,6
j,6
yijue,6
num,6
character,6
lady,6
ki,6
track,6
posted,6
fetch,6
questions,6
ull,6
checked,6
role,6
loverboy,6
ticket,6
exactly,6
askin,6
cold,6
sign,6
lt,6
menu,6
meds,6
fyi,6
howz,6
screaming,6
lr,6
internet,6
students,6
raining,6
mistake,6
fault,6
etc,6
childish,6
budget,6
top,6
yahoo,6
midnight,6
weather,6
pilates,6
teasing,6
aiyo,6
dint,6
aiyah,6
tick,6
sup,6
within,6
surely,6
theatre,6
bedroom,6
teach,6
barely,6
page,6
problems,6
cal,6
pussy,6
paid,6
marriage,6
version,6
weeks,6
putting,6
scream,6
naked,6
ans,6
donычt,6
regards,6
kallis,6
street,6
advance,6
marry,6
fullonsmscom,6
melle,6
shell,6
murder,6
works,6
hurry,6
fixed,6
wnt,6
cheap,6
meaning,6
serious,6
vry,6
changed,6
dai,6
wherever,6
usually,6
alrite,6
mei,6
cancer,6
joking,6
ahmad,6
ate,6
damn,6
system,6
ended,6
relax,6
yrs,6
ttyl,6
spoke,6
sim,6
sunny,6
turns,6
boo,6
model,6
fb,6
basically,5
roommates,5
exams,5
yan,5
wouldnt,5
asleep,5
starts,5
flat,5
feb,5
extra,5
interesting,5
broke,5
uni,5
nw,5
secret,5
asks,5
black,5
ride,5
lik,5
italian,5
pic,5
frndship,5
area,5
common,5
willing,5
jiu,5
pictures,5
guide,5
donехt,5
quality,5
cafe,5
body,5
pin,5
april,5
geeee,5
credit,5
amt,5
hv,5
fighting,5
sighs,5
chinese,5
didt,5
relation,5
learn,5
cbe,5
sec,5
gives,5
hostel,5
rem,5
ll,5
horrible,5
pple,5
moon,5
station,5
gee,5
si,5
weak,5
replied,5
receive,5
hopefully,5
tyler,5
texting,5
intro,5
dollars,5
arrested,5
cars,5
yogasana,5
gentle,5
lead,5
stock,5
discuss,5
starting,5
mrw,5
matter,5
created,5
urgnt,5
iычm,5
fix,5
smiles,5
lookin,5
playing,5
mother,5
buns,5
random,5
sum,5
rays,5
loan,5
armand,5
bf,5
fancy,5
iam,5
earth,5
pissed,5
cinema,5
ym,5
white,5
ru,5
drug,5
social,5
remind,5
kick,5
argument,5
ran,5
couldnt,5
scared,5
ave,5
tis,5
boston,5
tried,5
jokes,5
nvm,5
match,5
cannot,5
forwarded,5
searching,5
transaction,5
space,5
moral,5
whether,5
draw,5
jazz,5
obviously,5
boost,5
cartoon,5
cabin,5
hate,5
died,5
entered,5
bag,5
somethin,5
realy,5
stopped,5
thursday,5
indian,5
mid,5
age,5
moan,5
hook,5
callers,5
hotel,5
shows,5
married,5
deliver,5
dropped,5
google,5
belly,5
expecting,5
timing,5
shouldnt,5
twice,5
miles,5
returns,5
site,5
definitely,5
joke,5
advice,5
amount,5
sed,5
minuts,5
immediately,5
latr,5
dey,5
caken,5
ad,5
vomit,5
except,5
boring,5
collect,5
hasnt,5
centre,5
stylish,5
box,5
kerala,5
rply,5
become,5
update,5
wear,5
jesus,5
photos,5
running,5
surfing,5
waking,5
fall,5
er,5
places,5
yun,5
anybody,5
looked,5
recently,5
cry,5
english,5
double,5
law,5
plane,5
closedincluding,4
king,4
tm,4
oru,4
reasons,4
drivin,4
meetin,4
bye,4
explain,4
weird,4
result,4
height,4
intelligent,4
envelope,4
abi,4
woman,4
prepare,4
apparently,4
oni,4
hella,4
public,4
bet,4
anytime,4
spoken,4
gals,4
assume,4
lives,4
church,4
wearing,4
temple,4
govtinstituitions,4
weve,4
aiyar,4
listening,4
jada,4
bud,4
confidence,4
carefully,4
gravity,4
btw,4
fever,4
numbers,4
acc,4
three,4
diet,4
dry,4
attend,4
ma,4
registered,4
photo,4
note,4
addicted,4
grl,4
losing,4
pig,4
bowl,4
spl,4
matured,4
sore,4
throat,4
salary,4
egg,4
lecture,4
raise,4
iz,4
hill,4
passionate,4
handle,4
decision,4
quote,4
fool,4
cup,4
iычll,4
smokes,4
grand,4
pie,4
mums,4
dem,4
fight,4
clock,4
answers,4
appt,4
colour,4
hands,4
dictionary,4
often,4
dare,4
future,4
uncles,4
celebrate,4
ache,4
green,4
derek,4
vijay,4
sooner,4
due,4
essential,4
bitch,4
bathing,4
thinks,4
saved,4
t,4
thatехs,4
lab,4
meanwhile,4
quit,4
kusruthi,4
sura,4
bought,4
shame,4
takin,4
gorgeous,4
settled,4
fren,4
personal,4
queen,4
wtf,4
files,4
unlimited,4
research,4
embarassed,4
aiya,4
passed,4
solve,4
remain,4
throw,4
bright,4
wah,4
added,4
flower,4
birds,4
cook,4
considering,4
appointment,4
selected,4
machan,4
totally,4
bay,4
link,4
texted,4
worth,4
basic,4
teaches,4
information,4
anyways,4
masters,4
inform,4
hug,4
step,4
bin,4
natural,4
urn,4
vote,4
tt,4
outta,4
tuition,4
season,4
reference,4
romantic,4
joined,4
seemed,4
havnt,4
iехm,4
connection,4
series,4
yuo,4
straight,4
tihs,4
living,4
bishan,4
oz,4
preferably,4
enemy,4
sale,4
doc,4
ideas,4
belovd,4
sugar,4
shoot,4
high,4
idk,4
whom,4
hanging,4
iq,4
cleaning,4
def,4
airport,4
kisses,4
cud,4
ppl,4
еј,4
balance,4
wonders,4
personality,4
happend,4
valuable,4
surprised,4
accidentally,4
purity,4
messageits,4
boys,4
babes,4
sha,4
roger,4
laughing,4
wylie,4
hip,4
nyc,4
waitin,4
file,4
cat,4
infernal,4
legal,4
joy,4
gaps,4
shirt,4
favour,4
brilliant,4
fills,4
arrange,4
blank,4
inches,4
mmm,4
ps,4
jess,4
mite,4
atlanta,4
argue,4
bcums,4
rooms,4
loss,4
godi,4
arms,4
cream,4
password,4
ignore,4
rush,4
easier,4
pix,4
notice,4
songs,4
kkhow,4
freak,4
esplanade,4
kidz,4
service,4
begin,4
cooking,4
qatar,4
picked,4
deleted,4
answering,4
pages,4
exact,4
beer,4
thts,4
website,4
fifteen,4
february,4
interview,4
skype,4
bloodsend,4
befor,4
welcome,4
network,4
selling,4
activities,4
itplspls,4
fill,4
asap,4
kept,4
letters,4
red,4
bloody,4
gently,4
letter,4
spending,4
understanding,4
expect,4
wins,4
respond,4
manda,4
whens,4
strong,4
coins,4
theory,4
affection,4
becoz,4
escape,4
taunton,4
youclean,4
blackberry,4
mad,4
points,4
feet,4
kettoda,4
moji,4
closer,4
carry,3
okey,3
avatar,3
stomach,3
jays,3
husband,3
five,3
fathima,3
seconds,3
hint,3
hahahause,3
mmmm,3
brain,3
stops,3
beyond,3
questioned,3
ages,3
eaten,3
ikea,3
successful,3
xavier,3
cn,3
ths,3
team,3
kadeem,3
morrow,3
payoh,3
dress,3
se,3
toa,3
siri,3
messageno,3
pieces,3
crab,3
tessypls,3
cannt,3
unable,3
audition,3
argh,3
wkend,3
fell,3
art,3
jason,3
yor,3
history,3
journey,3
rich,3
normally,3
cheer,3
bags,3
faster,3
forevr,3
calicut,3
including,3
shouted,3
camera,3
management,3
favor,3
temp,3
nimya,3
rajipls,3
prolly,3
bell,3
ер,3
pleased,3
confirmed,3
distance,3
ws,3
display,3
nimyapls,3
prefer,3
dubsack,3
morphine,3
macho,3
stress,3
soup,3
china,3
shijas,3
hm,3
pack,3
shorter,3
thangam,3
simply,3
crack,3
package,3
responcewhat,3
row,3
waitu,3
laughed,3
sweetest,3
flaked,3
honeybee,3
ic,3
changes,3
nokia,3
vodka,3
sing,3
orange,3
lousy,3
collecting,3
diff,3
bein,3
constantly,3
jan,3
anywhere,3
gmgngegn,3
jst,3
major,3
lie,3
ladies,3
onwards,3
gimme,3
wisdom,3
cheaper,3
rule,3
birth,3
allah,3
issue,3
impossible,3
measure,3
mas,3
thm,3
gary,3
footprints,3
proof,3
wn,3
boat,3
drinking,3
possession,3
released,3
dirty,3
sometime,3
grahmbell,3
f,3
walked,3
girlfrnd,3
june,3
kano,3
margaret,3
wt,3
phne,3
storming,3
screen,3
guilty,3
drunk,3
booty,3
technical,3
auto,3
travel,3
remains,3
messenger,3
bro,3
seem,3
juicy,3
invnted,3
telphone,3
career,3
moralone,3
sen,3
everybody,3
painful,3
currently,3
foreign,3
stamps,3
country,3
tells,3
goodnite,3
option,3
contents,3
enuff,3
caring,3
flirt,3
enter,3
shld,3
unsold,3
speechless,3
popped,3
roast,3
concentrate,3
suntec,3
ta,3
chain,3
cancel,3
okthenwhats,3
catching,3
tape,3
executive,3
rang,3
falls,3
hun,3
docs,3
morn,3
dsnt,3
anti,3
rofl,3
apps,3
score,3
kkim,3
walmart,3
roommate,3
fantastic,3
bigger,3
natuition,3
credited,3
okok,3
express,3
bros,3
tour,3
middle,3
haiz,3
lick,3
super,3
chillin,3
chill,3
dearer,3
pouts,3
evn,3
whenevr,3
alwys,3
idiot,3
software,3
ne,3
knackered,3
process,3
stomps,3
fran,3
officeunderstand,3
shirts,3
captain,3
missin,3
cardiff,3
gardener,3
msging,3
di,3
key,3
tb,3
strike,3
greet,3
greetings,3
born,3
standing,3
promises,3
dislikes,3
likes,3
addie,3
maga,3
affairs,3
along,3
nan,3
cramps,3
maintain,3
yr,3
terms,3
moments,3
comedy,3
outstanding,3
opportunity,3
wifehow,3
stuck,3
spk,3
vegetables,3
books,3
seat,3
returned,3
neighbour,3
philosophy,3
arun,3
amazing,3
walls,3
settle,3
cuddle,3
nap,3
bloo,3
indians,3
shesil,3
citizen,3
wanting,3
adore,3
moved,3
regarding,3
medicine,3
winning,3
darling,3
talent,3
fuckin,3
erm,3
blakes,3
aah,3
wkg,3
butt,3
issues,3
death,3
knowing,3
twelve,3
tog,3
yetunde,3
stupidits,3
certainly,3
terrible,3
thurs,3
exe,3
usualiam,3
prey,3
weekends,3
pg,3
understood,3
violence,3
freezing,3
smoking,3
university,3
california,3
blessings,3
blame,3
perfect,3
force,3
brothas,3
doors,3
finishing,3
tablets,3
gang,3
magical,3
welp,3
buff,3
prospects,3
ese,3
ron,3
chicken,3
eight,3
total,3
incident,3
legs,3
bottom,3
dignity,3
jealous,3
tree,3
sorting,3
fightng,3
dificult,3
chechi,3
swimming,3
fish,3
handed,3
exhausted,3
turn,3
floor,3
village,3
bringing,3
fees,3
frying,3
latest,3
realized,3
gautham,3
headache,3
soft,3
birla,3
buzy,3
prabhaim,3
bite,3
tease,3
sorydarealyfrm,3
business,3
vava,3
flash,3
period,3
str,3
maneesha,3
wise,3
mall,3
successfully,3
aathilove,3
sheets,3
lido,3
touched,3
thanksgiving,3
slippers,3
bat,3
innings,3
dearly,3
ranjith,3
seven,3
shipping,3
wks,3
pop,3
blah,3
market,3
drinks,3
spell,3
leona,3
boye,3
accounts,3
wet,3
parked,3
snake,3
current,3
ful,3
remembered,3
fair,3
likely,3
ummmmmaah,3
tirupur,3
anythin,3
afraid,3
thatычs,3
cake,3
itычs,3
alcohol,3
gona,3
slap,3
xuhui,3
invite,3
milk,3
callsmessagesmissed,3
blood,3
needed,3
generally,3
cleared,3
informed,3
apologise,3
record,3
favourite,3
yummy,3
supervisor,3
sleepingand,3
fear,3
pongal,3
sory,3
gram,3
scary,3
meal,3
shut,3
loud,3
tests,3
clear,3
wa,3
runs,3
callin,3
ptbo,3
behave,3
garage,3
american,3
keys,3
sentence,3
elsewhere,3
dayu,3
clos,3
lvblefrnd,3
jstfrnd,3
cutefrnd,3
lifpartnr,3
swtheart,3
bstfrnd,3
todaysundaysunday,3
caught,3
holidayso,3
lturlgt,3
quickly,3
satisfied,3
lonely,3
lacsthere,3
minnaminunginte,3
radio,3
nurungu,3
urgentbut,3
urgentlyits,3
railway,3
banks,3
gentleman,3
loses,3
building,3
map,3
vettam,3
dats,3
tomarrow,3
source,3
bottle,3
mummy,3
doggy,3
yeshe,3
iouri,3
suggest,3
lacsthats,3
oic,3
arng,3
po,3
atm,3
teacher,3
peace,3
transfered,3
finishes,3
nights,3
dresser,3
fave,3
bmw,3
shortage,3
ja,3
music,3
irritating,3
avent,3
respect,3
charges,3
aathiwhere,3
toll,3
weычre,3
mails,2
breathe,2
royal,2
apart,2
appreciated,2
cuddling,2
properly,2
lyfu,2
minimum,2
staring,2
cheating,2
pending,2
icicibankcom,2
payee,2
effect,2
stretch,2
alive,2
nearly,2
replying,2
agree,2
beneficiary,2
neft,2
aww,2
mathematics,2
waxsto,2
strange,2
sinco,2
wedding,2
kidding,2
gudnitetcpractice,2
recognise,2
massive,2
tlk,2
juan,2
fineabsolutly,2
weigh,2
discount,2
cricketer,2
ovulation,2
beware,2
bar,2
regret,2
tom,2
stars,2
desires,2
licks,2
ideal,2
front,2
gastroenteritis,2
lyf,2
arm,2
shot,2
evry,2
tirunelvali,2
unnecessarily,2
teeth,2
replace,2
reduce,2
sar,2
limiting,2
illness,2
sachin,2
worldvery,2
store,2
frauds,2
truffles,2
kent,2
ve,2
huge,2
lock,2
furniture,2
thatll,2
restaurant,2
goodo,2
annoying,2
coat,2
regular,2
sry,2
exeter,2
academic,2
pongaldo,2
stranger,2
poem,2
convinced,2
custom,2
misbehaved,2
nothin,2
hrishi,2
q,2
shy,2
tortilla,2
papers,2
annie,2
toot,2
silently,2
tues,2
fml,2
mids,2
waited,2
sac,2
shoving,2
forgotten,2
beneath,2
puttin,2
babies,2
jiayin,2
practicing,2
dan,2
unemployed,2
revision,2
kaiez,2
bless,2
disclose,2
oreo,2
reverse,2
status,2
pale,2
practical,2
monkeys,2
gv,2
ham,2
vale,2
bedrm,2
desperate,2
jo,2
wo,2
nahi,2
improve,2
silver,2
tank,2
silence,2
makin,2
priscillas,2
propsd,2
apply,2
greatbhaji,2
dads,2
location,2
wld,2
messagesome,2
dumb,2
garbage,2
mates,2
jogging,2
ola,2
concert,2
sendername,2
daily,2
dressed,2
kills,2
nydc,2
sentdate,2
darlings,2
havin,2
creepy,2
kg,2
crore,2
truly,2
piece,2
wiskey,2
burning,2
brandy,2
rum,2
gin,2
scotch,2
slightly,2
shampain,2
kudiyarasu,2
dhina,2
jokin,2
vaazhthukkal,2
shelf,2
swiss,2
birthdate,2
mb,2
ela,2
answered,2
mokka,2
control,2
dough,2
hols,2
speaking,2
tee,2
expression,2
hunny,2
pours,2
jd,2
push,2
science,2
weirdest,2
nitros,2
flip,2
four,2
mesages,2
previous,2
kay,2
skip,2
wasted,2
requests,2
whatsup,2
drinkin,2
ias,2
christ,2
epsilon,2
mess,2
fails,2
irritates,2
jerry,2
loxahatchee,2
shipped,2
sunlight,2
soul,2
main,2
elaine,2
invest,2
earn,2
hurting,2
speeding,2
noun,2
girld,2
delay,2
ned,2
instantly,2
purse,2
thy,2
lived,2
grace,2
picture,2
sweetie,2
lush,2
aproach,2
dance,2
lv,2
lttrs,2
threw,2
donno,2
whn,2
dt,2
truck,2
calculation,2
blur,2
clothes,2
finewhen,2
bone,2
applebees,2
rights,2
happily,2
jobs,2
tmrw,2
drunken,2
interest,2
moving,2
lst,2
goodnoon,2
cares,2
response,2
field,2
canada,2
wwwfullonsmscom,2
ke,2
lane,2
administrator,2
realize,2
gn,2
info,2
jacket,2
sary,2
tc,2
gthr,2
greatest,2
courage,2
bear,2
defeat,2
heartgn,2
politicians,2
bluff,2
evrydy,2
fucked,2
msgsd,2
monthly,2
paragon,2
beauty,2
exciting,2
reckon,2
guessing,2
schedule,2
didnехt,2
commercial,2
transfr,2
drpd,2
bck,2
deeraj,2
deepak,2
doinghow,2
giv,2
color,2
mistakes,2
mandan,2
lag,2
forgets,2
cheese,2
sleepwellamptake,2
contacts,2
mca,2
utter,2
vegas,2
lou,2
desparate,2
vewy,2
protect,2
ethreats,2
sib,2
sensitive,2
passwordsatmsms,2
signing,2
received,2
although,2
pc,2
hallaq,2
sian,2
ipad,2
bird,2
combine,2
affair,2
parco,2
nb,2
bехday,2
formclark,2
senthil,2
shining,2
tming,2
melt,2
difference,2
ground,2
eek,2
indeed,2
stick,2
lib,2
xam,2
album,2
unknown,2
gotten,2
manage,2
keeps,2
gf,2
shitload,2
diamonds,2
slip,2
shu,2
moves,2
james,2
maangalyam,2
alaipayuthe,2
jolt,2
langport,2
swoop,2
habit,2
becomes,2
necessarily,2
beloved,2
dark,2
headin,2
vomiting,2
mini,2
rub,2
avoid,2
despite,2
eggs,2
module,2
clever,2
practice,2
calm,2
kid,2
brah,2
aunty,2
os,2
ibn,2
upset,2
rewarding,2
wishin,2
delhi,2
heading,2
disturbing,2
stays,2
wud,2
hppnss,2
sorrow,2
goodfriend,2
scold,2
fujitsu,2
ahsen,2
fringe,2
electricity,2
distract,2
prescription,2
bruv,2
cnn,2
flies,2
jane,2
keralacircle,2
prepaid,2
kr,2
refilled,2
co,2
disconnect,2
callcoz,2
attempt,2
terrorist,2
verified,2
itz,2
confirmd,2
aka,2
hamster,2
ericsson,2
woken,2
kkwhy,2
motorola,2
stayed,2
fights,2
access,2
installing,2
pushes,2
networking,2
conducts,2
waheed,2
connect,2
choice,2
responsibility,2
underwear,2
laundry,2
delete,2
yeshere,2
printed,2
upstairs,2
review,2
final,2
telly,2
funeral,2
replacement,2
joanna,2
knees,2
pool,2
desert,2
mp,2
snowman,2
build,2
table,2
therere,2
yeh,2
stones,2
vday,2
player,2
completed,2
mel,2
repair,2
heads,2
uh,2
atlast,2
stone,2
avoiding,2
nichols,2
amused,2
traffic,2
messy,2
karaoke,2
jsut,2
devouring,2
lion,2
sux,2
jia,2
msn,2
filled,2
value,2
finance,2
joining,2
sleepsweet,2
mitsake,2
ayn,2
wihtuot,2
raed,2
sitll,2
wrnog,2
splleing,2
evrey,2
tahan,2
classes,2
billion,2
kegger,2
neck,2
actual,2
cousin,2
excuses,2
sathya,2
swt,2
pouch,2
rumour,2
noi,2
smart,2
airtel,2
wifi,2
sub,2
dealing,2
continue,2
adventure,2
holy,2
rhythm,2
costs,2
anot,2
exmpel,2
student,2
lo,2
dahow,2
dawhats,2
kappa,2
placement,2
base,2
women,2
piss,2
musthu,2
violated,2
spoiled,2
modules,2
complaint,2
mega,2
мll,2
paperwork,2
lounge,2
lk,2
lov,2
caroline,2
video,2
testing,2
flight,2
aunt,2
gving,2
rael,2
waht,2
konw,2
reasonable,2
unfortunately,2
easily,2
receipt,2
l,2
bristol,2
forum,2
sarcasm,2
belive,2
slots,2
discussed,2
buses,2
didnычt,2
nit,2
occupy,2
sem,2
mcat,2
app,2
eta,2
event,2
plaza,2
wales,2
switch,2
killed,2
flowing,2
cam,2
cared,2
constant,2
brought,2
adoring,2
resend,2
wating,2
confuses,2
tooo,2
staff,2
sooooo,2
flaky,2
kindly,2
bagi,2
kavalan,2
shjas,2
mouth,2
windows,2
pound,2
poker,2
tool,2
football,2
sacrifice,2
jenny,2
island,2
partnership,2
everywhere,2
stayin,2
heater,2
sorted,2
cld,2
causing,2
moro,2
mostly,2
grave,2
batch,2
boyfriend,2
tomocant,2
mumtazs,2
falling,2
transfer,2
dime,2
literally,2
kicks,2
mumtaz,2
tok,2
specific,2
chasing,2
thread,2
figures,2
driver,2
kothi,2
itlet,2
forums,2
jaya,2
affectionate,2
prof,2
smeone,2
fire,2
flame,2
everybodys,2
london,2
shocking,2
tomeandsaidthis,2
gifted,2
itwhichturnedinto,2
lovingly,2
dippeditinadew,2
decimal,2
speed,2
actor,2
crash,2
kthen,2
taxi,2
favorite,2
maturity,2
propose,2
ship,2
played,2
turning,2
inr,2
dokey,2
postcard,2
begging,2
managed,2
hospitals,2
penis,2
low,2
racing,2
cme,2
pull,2
foot,2
rice,2
closes,2
dollar,2
crap,2
swatch,2
secretary,2
necklace,2
useful,2
tacos,2
meets,2
bread,2
ganesh,2
officially,2
pickle,2
chocolate,2
inch,2
closed,2
schools,2
dayshe,2
potential,2
ebay,2
parking,2
reaction,2
hyde,2
mis,2
twenty,2
itехs,2
painting,2
nagar,2
blokes,2
prabha,2
anna,2
landline,2
application,2
tight,2
serving,2
abj,2
northampton,2
thot,2
vth,2
curious,2
enjoyed,2
recovery,2
av,2
ability,2
develop,2
brand,2
everyday,2
simpler,2
opening,2
amongst,2
acted,2
sigh,2
talks,2
probs,2
blessing,2
mahal,2
arts,2
hoped,2
helloooo,2
welcomes,2
admin,2
ding,2
cha,2
forgiven,2
fit,2
fan,2
lovers,2
allowed,2
hon,2
marrow,2
necessary,2
bills,2
mental,2
pounds,2
innocent,2
madam,2
effects,2
worlds,2
anniversary,2
scrounge,2
sam,2
wrk,2
gain,2
spare,2
wee,2
pattern,2
clearly,2
plm,2
praying,2
realise,2
luvs,2
phones,2
trips,2
sweetheart,2
pap,2
ubi,2
andros,2
login,2
shoes,2
woot,2
tech,2
bang,2
booking,2
tiwary,2
mt,2
nos,2
sex,2
definite,2
shoppin,2
redred,2
bloodblood,2
fab,2
transport,2
competition,2
blessed,2
heartheart,2
toopray,2
treated,2
quiet,2
eighth,2
aunts,2
cutting,2
bleh,2
mmmmmm,2
skyped,2
inconsiderate,2
exhaust,2
gudk,2
aburo,2
countin,2
ultimatum,2
given,2
various,2
geeeee,2
lower,2
castor,2
dates,2
cherish,2
kz,2
child,2
sleepin,2
hardly,2
havenехt,2
thgt,2
ear,2
oil,2
minor,2
mac,2
usb,2
nicenicehow,2
gibbs,2
mojibiola,2
failed,2
unbelievable,2
diwali,2
nag,2
recession,2
agalla,2
hence,2
nowi,2
creep,2
niswt,2
division,2
sarasota,2
cancelled,2
lies,2
success,2
property,2
careful,2
sn,2
dick,2
warning,2
sarcastic,2
dancing,2
named,2
suite,2
ey,2
genius,2
kkwhen,2
connections,2
oooh,2
lotta,2
scotland,2
lately,2
consider,2
soo,2
jen,2
peaceful,2
denis,2
count,2
jeans,2
size,2
reg,2
borrow,2
steam,2
chase,2
print,2
miserable,2
coin,2
west,2
bec,2
snogs,2
hugs,2
dearslp,2
imp,2
neither,2
welltake,2
yellow,2
owns,2
window,2
evr,2
ques,2
reminding,2
nic,2
valued,2
careswt,2
eveb,2
suits,2
cock,2
freedom,2
petrol,2
dreamsmuah,2
itleave,2
yck,2
faggy,2
demand,2
ie,2
challenge,2
mag,2
ben,2
several,2
sleepy,2
cappuccino,2
taylor,2
worst,2
doubt,2
charles,2
otside,2
perhaps,2
loveme,2
woulda,2
stores,2
oktake,2
slice,2
pan,2
loose,2
sweets,2
japanese,2
responding,2
chip,2
proverb,2
fo,2
galileo,2
itu,2
tsunamis,2
anthony,2
lil,2
dr,2
waves,2
hor,2
math,2
aeronautics,2
professors,2
tension,2
calld,2
clearing,2
lays,2
receiving,2
coast,2
east,2
spring,2
position,2
celebration,2
fucks,2
terrific,2
halfth,2
goodenvironment,2
aeroplane,2
wind,2
hex,2
oi,2
superior,2
river,2
prepared,2
howard,2
deari,2
impatient,2
indyarockscom,2
urgent,2
resume,2
taste,2
datoday,2
eva,2
durban,2
direct,2
buffet,2
salon,2
rocks,2
cooked,2
gossip,2
cheat,2
following,2
sake,2
yelling,2
ba,2
killing,2
herlove,2
muchi,2
singing,2
cookies,2
covers,2
ee,2
evenings,2
curry,2
relatives,2
suppose,2
infections,2
mmmmm,2
brief,2
language,2
lotwill,2
goto,2
screamed,2
rate,2
dedicated,2
craziest,2
tomorro,2
infront,2
dorm,2
depressed,2
broken,2
roads,2
bruce,2
kkwhere,2
payment,2
odi,2
usc,2
hurried,2
yunny,2
ruining,2
dedicate,2
saidif,2
chest,2
en,2
sheffield,2
fret,2
heri,2
nuther,2
hang,2
raj,2
trains,2
gm,2
filling,2
decisions,2
upto,2
thesis,2
range,2
gpu,2
center,2
department,2
broad,2
sells,2
solved,2
viva,2
morow,2
trade,2
sorryin,2
toshiba,2
spile,2
thx,2
conform,2
member,2
tap,2
gist,2
results,2
jolly,2
bc,2
click,2
deus,2
poop,2
setting,2
smiled,2
canal,2
attached,2
contract,2
cochin,2
confused,2
edison,2
difficulties,2
deciding,2
rightly,2
geva,2
ruin,2
messaged,2
coping,2
female,2
taken,2
farm,2
sends,2
educational,2
reboot,2
panic,2
lip,2
gay,2
wuld,2
phoned,2
engin,2
friendshipmotherfatherteacherschildrens,1
mofo,1
jp,1
individual,1
soany,1
victors,1
dasara,1
bare,1
gong,1
bhaskar,1
squeezed,1
festival,1
wth,1
pshewmissing,1
broth,1
returning,1
watll,1
independently,1
singapore,1
apology,1
listed,1
unhappiness,1
theseyours,1
victoria,1
knowhe,1
interfued,1
sacked,1
disconnected,1
necesity,1
rememberi,1
witout,1
outdoors,1
stagwood,1
winterstone,1
pre,1
basketball,1
hwd,1
colleg,1
functions,1
weathers,1
afternoons,1
kaypoh,1
kane,1
auctionpunj,1
shud,1
mornings,1
epi,1
maraikara,1
showed,1
ew,1
nalla,1
meremove,1
wereare,1
wrd,1
cyclists,1
wocay,1
phil,1
republic,1
sankranti,1
approaching,1
takecare,1
blow,1
offcampus,1
rileys,1
fowler,1
voted,1
footie,1
walkabout,1
cashed,1
wesley,1
lm,1
dearloving,1
blog,1
ramen,1
suggestions,1
morrowxxxx,1
medont,1
announced,1
wthout,1
lingo,1
intrude,1
adi,1
maintaining,1
entey,1
abbey,1
jordan,1
events,1
conserve,1
outages,1
independence,1
pathaya,1
pocay,1
twins,1
enketa,1
onluy,1
cps,1
howve,1
fools,1
ugadi,1
hitman,1
hire,1
equally,1
uneventful,1
espell,1
irritated,1
priest,1
neville,1
kittum,1
reserves,1
shivratri,1
pesky,1
matters,1
nattil,1
yeesh,1
nammanna,1
sources,1
respectful,1
dwn,1
officer,1
ertini,1
slaaaaave,1
gudnyt,1
pataistha,1
nmde,1
sony,1
thou,1
yorge,1
hudgi,1
plum,1
suggestion,1
isaiahd,1
summon,1
smacks,1
steal,1
wherevr,1
relationshipits,1
dreamsu,1
hasbroin,1
carly,1
morningtake,1
virtual,1
lateso,1
apnt,1
hoops,1
fox,1
bffs,1
pants,1
waiti,1
gosri,1
jump,1
lanka,1
wordnot,1
frndsship,1
merely,1
august,1
lands,1
bari,1
hahatake,1
ohi,1
advising,1
slob,1
heap,1
participate,1
gudnite,1
lobby,1
asda,1
yoville,1
forgt,1
ajith,1
lubly,1
gopalettan,1
ooooooh,1
topicsorry,1
showered,1
erything,1
webpage,1
sbut,1
bsn,1
soc,1
appendix,1
alot,1
lowes,1
nusstu,1
formatting,1
satм,1
domain,1
ay,1
attracts,1
counts,1
kkfrom,1
lancaster,1
neway,1
helps,1
couldnехt,1
specify,1
catches,1
expert,1
salesman,1
lifeis,1
accent,1
homelove,1
zac,1
selflessness,1
welli,1
initiate,1
herepls,1
hui,1
xin,1
alwa,1
pretsovru,1
rtm,1
rakhesh,1
aldrine,1
pretsorginta,1
franxx,1
brolly,1
dreading,1
greeting,1
tosend,1
ssi,1
fats,1
daywith,1
units,1
olol,1
feed,1
thoughts,1
callurgent,1
mls,1
syrup,1
hopeful,1
hustle,1
somewheresomeone,1
forth,1
prometazine,1
harlem,1
workout,1
emigrated,1
staffsciencenusedusgphyhcmkteachingpc,1
seperatedћцґуыud,1
versus,1
nav,1
tallent,1
skateboarding,1
bothering,1
fal,1
pity,1
wnevr,1
tightly,1
importantly,1
thrown,1
someonethat,1
sachinjust,1
winds,1
thinl,1
bandages,1
sky,1
shorethe,1
hectic,1
meummifyingbye,1
associate,1
rip,1
uterus,1
muchxxlove,1
edge,1
wasting,1
underdtand,1
whr,1
itboth,1
madodu,1
upnot,1
yen,1
fals,1
dental,1
splwat,1
jacuzzi,1
locaxx,1
portal,1
dontgettext,1
lennon,1
dump,1
neglet,1
multiply,1
hmmmm,1
youphone,1
athome,1
reassuring,1
bhayandar,1
youwanna,1
lorwe,1
jack,1
peripherals,1
raviyog,1
dhoni,1
onedge,1
sayask,1
studentfinancial,1
helpful,1
young,1
pretend,1
negative,1
shore,1
drove,1
city,1
positive,1
woould,1
mummys,1
chickened,1
sunoco,1
musical,1
titleso,1
plate,1
monster,1
max,1
motor,1
ittb,1
repeating,1
lecturer,1
numberso,1
checkin,1
endless,1
li,1
owe,1
usno,1
holby,1
chennaii,1
stressful,1
badrith,1
command,1
fatty,1
starving,1
caller,1
leftovers,1
obey,1
uhhhhrmm,1
lasagna,1
slide,1
goodwhen,1
reservations,1
boobs,1
tai,1
toledo,1
earning,1
recycling,1
reflection,1
values,1
affectionsamp,1
traditions,1
cantdo,1
anythingtomorrow,1
thangamits,1
phews,1
myparents,1
aretaking,1
outfor,1
stairs,1
katexxx,1
puzzles,1
level,1
further,1
gate,1
dusk,1
feng,1
swimsuit,1
treasure,1
squeeeeeze,1
referin,1
kkits,1
lighters,1
hypotheticalhuagauahahuagahyuhagga,1
disasters,1
aroundn,1
brainy,1
meis,1
sway,1
occasion,1
belong,1
celebrated,1
hurricanes,1
arise,1
erupt,1
volcanoes,1
themp,1
gyno,1
luvd,1
frndshp,1
liaoso,1
revealing,1
saibaba,1
crisisspk,1
peril,1
board,1
tip,1
ondu,1
checkboxes,1
hardcore,1
olage,1
kalisidare,1
hundredhe,1
batsman,1
yettys,1
approx,1
ivatte,1
janarige,1
upload,1
wellda,1
emailed,1
yifeng,1
theyll,1
slurp,1
mahaveer,1
ing,1
ramaduth,1
sankatmochan,1
pavanaputra,1
brainless,1
maruti,1
tamilnaduthen,1
lightly,1
keluviri,1
embassy,1
ijust,1
talked,1
idu,1
opps,1
tts,1
siguviri,1
nalli,1
problum,1
gei,1
tron,1
dodda,1
inde,1
dl,1
selfish,1
spiffing,1
workage,1
craving,1
maretare,1
supose,1
babysit,1
therexx,1
loti,1
spaces,1
bajarangabali,1
hanuman,1
dolld,1
overtime,1
nigpun,1
dismissial,1
itll,1
babysitting,1
screwd,1
bull,1
floating,1
everyones,1
hunt,1
identification,1
heehee,1
rhode,1
arithmetic,1
justify,1
percentages,1
chillaxin,1
das,1
iknow,1
limit,1
boundaries,1
swann,1
armenia,1
block,1
gonnamissu,1
somerset,1
hanumanji,1
bong,1
odalebeku,1
vehicle,1
poortiyagi,1
sariyag,1
ofcourse,1
madoke,1
barolla,1
yaxx,1
postponed,1
breakin,1
stocked,1
tiime,1
tears,1
ofsi,1
afternon,1
asthere,1
merememberin,1
interviews,1
resizing,1
aboutas,1
opposed,1
buttheres,1
apo,1
tirunelvai,1
knowthis,1
passport,1
updat,1
opened,1
mystery,1
belt,1
casing,1
hdd,1
arrive,1
biolas,1
tix,1
tagged,1
xxxxx,1
countinlots,1
grfun,1
mouse,1
pounded,1
attention,1
likeyour,1
satsoundехs,1
uin,1
broadband,1
processed,1
installation,1
okden,1
werebored,1
mecause,1
describe,1
asus,1
randomly,1
reformat,1
profile,1
bpo,1
plumbers,1
nighters,1
persevered,1
regretted,1
wasnехt,1
spouse,1
leu,1
pmt,1
youdoing,1
sumthin,1
desk,1
shldxxxx,1
thatd,1
childporn,1
scenario,1
spunout,1
fne,1
jumpers,1
hat,1
wrld,1
matra,1
tex,1
tensed,1
upyeh,1
barring,1
lesser,1
known,1
facts,1
onlydon,1
sudden,1
shahjahans,1
mentionned,1
influx,1
wifes,1
shahjahan,1
punch,1
delivery,1
decking,1
arises,1
hari,1
okcome,1
webadres,1
dungerees,1
geting,1
twat,1
lifethis,1
barred,1
ksry,1
sivatats,1
symbol,1
messed,1
taj,1
coughing,1
thasa,1
kodthini,1
survey,1
eerulli,1
cribbs,1
spiritual,1
mutai,1
pubcafe,1
hogli,1
madstini,1
warned,1
sprint,1
flew,1
gower,1
ефmorrow,1
kodstini,1
gold,1
alreadysabarish,1
inpersonation,1
flea,1
hogolo,1
nys,1
amrita,1
wrench,1
overheating,1
disappointment,1
mus,1
junna,1
coccooning,1
accident,1
divert,1
wadebridgei,1
conditions,1
vill,1
orc,1
deam,1
declare,1
seeking,1
bcum,1
dayexcept,1
require,1
wherres,1
resolution,1
replybe,1
poking,1
choosing,1
irritation,1
oneta,1
navigate,1
frankgood,1
chic,1
colany,1
wotz,1
yeahand,1
reslove,1
inst,1
windy,1
chick,1
western,1
guidance,1
nowadays,1
notixiquating,1
laxinorficated,1
bambling,1
entropication,1
divorce,1
boutxx,1
oblisingately,1
talkin,1
opted,1
goneu,1
masteriastering,1
newquaysend,1
amplikater,1
fidalfication,1
champlaxigating,1
atrocious,1
toothpaste,1
neighbor,1
diddy,1
adventuring,1
shopthe,1
getanth,1
chief,1
allalo,1
fundamentals,1
pixels,1
optical,1
digital,1
dooms,1
director,1
peteynoiехm,1
timehope,1
shrub,1
alritehave,1
foregate,1
js,1
worc,1
thriller,1
amx,1
appeal,1
films,1
burgundy,1
captaining,1
pole,1
moneeppolum,1
logoff,1
alle,1
tantrums,1
compliments,1
parkin,1
hu,1
deserve,1
pendent,1
unique,1
nri,1
receipts,1
asa,1
loverakhesh,1
youdearwith,1
pookie,1
cr,1
um,1
prince,1
shove,1
charming,1
elephant,1
mention,1
served,1
arnt,1
xxxxxxxxxxxxxx,1
yeovil,1
local,1
univ,1
algebra,1
itxx,1
gokila,1
guessed,1
morro,1
thanku,1
mornin,1
shanilrakhesh,1
mph,1
herethanksi,1
nottingham,1
allows,1
cooperative,1
adjustable,1
graduated,1
roomate,1
beside,1
brisk,1
walks,1
coach,1
beverage,1
sept,1
url,1
predictive,1
duvet,1
smells,1
urgh,1
lorgoin,1
greatly,1
contribute,1
partys,1
tellmiss,1
steve,1
virgils,1
decorating,1
exchanged,1
vijaykanth,1
uncut,1
warwick,1
looovvve,1
spares,1
fassyole,1
blacko,1
fried,1
lage,1
dhorte,1
londn,1
opponenter,1
kintu,1
responsibilities,1
khelate,1
humanities,1
lehhaha,1
tmw,1
haughaighgtujhyguj,1
canceled,1
kkthis,1
diamond,1
linear,1
stuffleaving,1
grumble,1
dino,1
prem,1
chennaibecause,1
andres,1
kotees,1
posting,1
parade,1
grandma,1
tops,1
hassling,1
vpist,1
surrender,1
symptoms,1
rdy,1
fuckinniceselfish,1
rearrange,1
presnts,1
dormitory,1
ceiling,1
upon,1
showr,1
sport,1
astronomer,1
roller,1
resort,1
oxygen,1
starer,1
hiphop,1
sumfing,1
ourbacks,1
thnovbehind,1
gotmarried,1
prakasam,1
blowing,1
uawakefeellikw,1
shitjustfound,1
islove,1
mns,1
ennal,1
sneham,1
bcz,1
prakasamanu,1
aletter,1
thatmum,1
neekunna,1
irulinae,1
jeevithathile,1
virgin,1
voucher,1
laid,1
africa,1
engagement,1
rows,1
thatехscool,1
quiteamuzing,1
avin,1
suffering,1
vikkyim,1
bthmm,1
abstract,1
dysentry,1
backwards,1
itnow,1
comp,1
andre,1
fixd,1
njan,1
election,1
noooooooo,1
applyed,1
heat,1
split,1
recount,1
firsg,1
motherinlaw,1
chop,1
vilikkamt,1
chapter,1
maths,1
sudn,1
hitler,1
eleven,1
worms,1
reassurance,1
syd,1
toking,1
ibored,1
qet,1
zealand,1
rates,1
education,1
goigng,1
completes,1
perfume,1
vital,1
sday,1
joinedso,1
grocers,1
lautech,1
sagamu,1
pubs,1
shola,1
savings,1
dial,1
browser,1
overemphasiseor,1
godyou,1
adding,1
extract,1
subs,1
internal,1
zeros,1
sensesrespect,1
surf,1
timeyour,1
usget,1
conversations,1
thati,1
lifeyou,1
wellyou,1
ignoring,1
baaaaaaaabe,1
christmassy,1
patients,1
mango,1
sweater,1
hugging,1
parantella,1
unlike,1
sandiago,1
ujhhhhhhh,1
consent,1
uso,1
turkeys,1
uothrwise,1
helens,1
prayrs,1
wordsevry,1
involved,1
owed,1
goa,1
anderson,1
snowboarding,1
crowd,1
frankie,1
promoting,1
haunt,1
bennys,1
edwards,1
diapers,1
tait,1
mathews,1
canычt,1
forms,1
warner,1
changing,1
immed,1
skint,1
ger,1
okors,1
talkbut,1
culdnt,1
babesozi,1
shits,1
gucci,1
visa,1
stunning,1
behalf,1
lengths,1
archive,1
dogwood,1
beeen,1
mapquest,1
dehydrated,1
muht,1
wannatell,1
wenwecan,1
smsing,1
lyrics,1
undrstnd,1
definitly,1
valuing,1
somone,1
unrecognized,1
nevr,1
noits,1
efficient,1
flyim,1
invention,1
thandiyachu,1
erutupalam,1
aslamalaikkuminsha,1
tohar,1
upsetits,1
oblivious,1
julianaland,1
spoon,1
leasttimes,1
quitting,1
comfey,1
earthsofa,1
planet,1
watchng,1
othrs,1
mahfuuzmeaning,1
enufcredeit,1
bevieswaz,1
tocallshall,1
ileave,1
fancied,1
treats,1
wudnt,1
мпll,1
ffffuuuuuuu,1
uk,1
dom,1
denying,1
laready,1
flavour,1
grasp,1
risk,1
mro,1
ima,1
route,1
cupboard,1
messageit,1
albi,1
mufti,1
frequently,1
firmware,1
tvhe,1
rajas,1
phrase,1
ashley,1
inshah,1
manageable,1
photoshop,1
burns,1
pee,1
stuffing,1
ahhhhjust,1
uphad,1
thoso,1
viveki,1
themes,1
dado,1
rats,1
maat,1
sthis,1
increase,1
wifedont,1
carolina,1
maili,1
mailed,1
bomb,1
varma,1
gre,1
texas,1
membershiptake,1
iti,1
careinsha,1
north,1
secure,1
toolets,1
farting,1
ortxt,1
shah,1
kaila,1
afterwards,1
persian,1
channel,1
kill,1
brb,1
punishment,1
coulda,1
poorly,1
oga,1
aa,1
followed,1
limping,1
okday,1
fired,1
hmph,1
nervous,1
flirting,1
rushing,1
predicte,1
situations,1
jade,1
hos,1
collapsed,1
chess,1
checkmate,1
admission,1
cumming,1
paul,1
loosing,1
defer,1
capacity,1
barmed,1
thinkthis,1
smaller,1
dangerous,1
deer,1
mountain,1
breathing,1
powerful,1
gut,1
uses,1
hooch,1
toaday,1
splat,1
grazed,1
confirmdeny,1
hearin,1
beatings,1
device,1
yah,1
torture,1
england,1
chastity,1
exposed,1
nonetheless,1
wrenching,1
tallahassee,1
mistakeu,1
inconvenience,1
dentists,1
parent,1
bornplease,1
itsnot,1
childs,1
nhs,1
taka,1
solihull,1
parentnot,1
unintentional,1
fold,1
ritten,1
wrote,1
gynae,1
abdomen,1
antibiotic,1
loooooool,1
lips,1
rents,1
startedindia,1
kkcongratulation,1
couch,1
court,1
lit,1
terror,1
clas,1
chapel,1
playi,1
lovly,1
weapon,1
frontierville,1
swashbuckling,1
cruel,1
hopeing,1
characters,1
whenwhere,1
crisis,1
tylers,1
wasnычt,1
lists,1
differences,1
happiest,1
decent,1
sisters,1
feelin,1
cruise,1
gek,1
dips,1
joker,1
baller,1
quarter,1
swayze,1
shijutta,1
barrel,1
scraped,1
brotherычs,1
sticky,1
kanoanyway,1
givits,1
watched,1
healthy,1
error,1
whispers,1
loneliness,1
skyving,1
contented,1
club,1
snuggles,1
misfits,1
sections,1
clearer,1
phonebook,1
xins,1
ashes,1
preponed,1
rocking,1
keng,1
younger,1
liver,1
guides,1
shindig,1
therell,1
tasts,1
hmmmstill,1
peach,1
opener,1
mmmmmmm,1
onwords,1
capital,1
expects,1
contains,1
fizz,1
appy,1
ettans,1
prasanth,1
spice,1
goverment,1
ranju,1
decades,1
btwn,1
disagreeable,1
keypad,1
anythiing,1
hide,1
styles,1
genus,1
ending,1
mumbai,1
surly,1
hmmmbut,1
dajst,1
mtnl,1
bw,1
iriver,1
wewa,1
robinson,1
msgsometext,1
imat,1
rajitha,1
soz,1
outs,1
nottel,1
clarify,1
stage,1
punto,1
perumbavoor,1
landing,1
instructions,1
repeat,1
hii,1
clover,1
numberpls,1
idconvey,1
achanammarakheshqatar,1
gailxx,1
memories,1
rencontre,1
mountains,1
lotz,1
galsu,1
lonlines,1
complacent,1
kits,1
mileage,1
mths,1
ayo,1
patrick,1
dolls,1
travelled,1
heavily,1
opposite,1
mth,1
olayiwolas,1
statement,1
hsbc,1
toyota,1
miwa,1
camry,1
mina,1
built,1
watever,1
assistance,1
coldheard,1
realising,1
woah,1
vldo,1
ovulatewhen,1
conditionand,1
vinobanagar,1
adsense,1
hides,1
dvg,1
bbdthts,1
approved,1
dudette,1
offense,1
kafter,1
orh,1
inconvenient,1
nмвte,1
adds,1
supportproviding,1
hitechnical,1
pleasured,1
leastwhich,1
puppy,1
ardмд,1
noise,1
thousands,1
stressfull,1
canteen,1
soonxxx,1
darlinim,1
secrets,1
crossing,1
emotion,1
emily,1
exorcism,1
growrandom,1
alaikkumpride,1
shopwe,1
qatarrakhesh,1
indianpls,1
eckankar,1
numberrespectful,1
fakeyes,1
lanre,1
mising,1
galcan,1
boyy,1
grooved,1
possibility,1
nightnight,1
borderline,1
sirsalam,1
ph,1
degrees,1
correctly,1
juliana,1
shortly,1
newport,1
marandratha,1
topic,1
nationwide,1
buddy,1
dodgey,1
dreamz,1
rebel,1
ceri,1
faceasssssholeeee,1
funky,1
seing,1
galno,1
contention,1
jaz,1
selfindependence,1
perform,1
steyn,1
wicket,1
flurries,1
suddenly,1
qi,1
sterm,1
resolved,1
shorts,1
tongued,1
proper,1
radiator,1
deartake,1
limited,1
careumma,1
cards,1
rebooting,1
nigh,1
playin,1
fieldof,1
toplay,1
antelope,1
dengra,1
rahul,1
guoyang,1
sos,1
nooooooo,1
heaven,1
princegn,1
outage,1
pisces,1
aquarius,1
cable,1
nachos,1
dizzamn,1
suitemates,1
nimbomsons,1
uttered,1
meso,1
shared,1
heltiniiyo,1
yalrigu,1
wknd,1
timeyou,1
darkness,1
motivate,1
impression,1
starve,1
ciao,1
theplace,1
carlin,1
pints,1
trusting,1
meok,1
chikkub,1
burden,1
religiously,1
smash,1
gam,1
sickness,1
nbme,1
harder,1
youехre,1
noice,1
sporadically,1
coco,1
kalaachutaarama,1
enna,1
occurs,1
esaplanade,1
adress,1
flatter,1
thout,1
thousadi,1
tram,1
essay,1
sashimi,1
rumbling,1
nose,1
sumthinxx,1
deyi,1
coherently,1
ow,1
hesitant,1
terminatedwe,1
fiendmake,1
emerging,1
continent,1
vic,1
oyster,1
panties,1
balls,1
hoo,1
woo,1
trishul,1
mandara,1
olave,1
moneyi,1
macleran,1
gran,1
rayan,1
southern,1
honi,1
agocusoon,1
afew,1
onlyfound,1
steps,1
availablethey,1
cab,1
vivek,1
onionrs,1
sold,1
upcharge,1
guai,1
luxury,1
comfort,1
nitro,1
section,1
wishlist,1
beads,1
flood,1
whore,1
beers,1
salad,1
delicious,1
petrolrs,1
openings,1
beerrs,1
weirdy,1
chikkuk,1
godnot,1
audrey,1
restrict,1
brownies,1
jerk,1
rsi,1
armands,1
getiing,1
uif,1
reffering,1
fakemy,1
stink,1
creative,1
arpraveesh,1
select,1
physics,1
trouser,1
againloving,1
shangela,1
synced,1
names,1
formsdon,1
cheetos,1
stitch,1
gloucesterroad,1
mentor,1
percent,1
sane,1
helping,1
spacebucks,1
burrito,1
poo,1
uup,1
moraldont,1
fishrman,1
astrology,1
ryans,1
throwin,1
strtd,1
sack,1
program,1
timi,1
officestill,1
wlcome,1
slacking,1
yesmum,1
glo,1
forgiveness,1
ouch,1
costume,1
outif,1
springs,1
greece,1
yaxxx,1
hunlove,1
hannaford,1
ltr,1
worryc,1
wrongtake,1
gail,1
smiley,1
enemies,1
hisher,1
hearted,1
pure,1
pink,1
zoom,1
wheat,1
theoretically,1
hooked,1
formallypls,1
agency,1
tarpon,1
sized,1
gumbys,1
nicky,1
presents,1
renting,1
housing,1
jam,1
delayed,1
accounting,1
vague,1
senthilhsbc,1
multimedia,1
prayingwill,1
batchlor,1
cometil,1
ji,1
stuffwhy,1
purchases,1
pride,1
grownup,1
auction,1
lotto,1
bunch,1
spot,1
honeydid,1
yuou,1
expiredso,1
grandfather,1
goodmorningmy,1
someday,1
recorded,1
authorise,1
gimmi,1
chex,1
steering,1
lambu,1
truekdo,1
required,1
rounderso,1
sleeps,1
anythings,1
ammaelife,1
gossx,1
febapril,1
subletting,1
chile,1
ystrdayice,1
todaydo,1
painit,1
beendropping,1
await,1
muhommad,1
failing,1
million,1
haiyoh,1
spin,1
ball,1
facilities,1
attack,1
asthma,1
karnan,1
bluray,1
pimples,1
tobed,1
iычve,1
stil,1
salt,1
wounds,1
auntys,1
prsn,1
somtimes,1
spelled,1
gwr,1
velusamy,1
bullshit,1
sirs,1
among,1
caps,1
brison,1
saves,1
sharing,1
motivating,1
pocked,1
relocate,1
audiitions,1
bcozi,1
asia,1
nobodys,1
nails,1
detroit,1
careless,1
loosu,1
semiobscure,1
overdid,1
hiwhat,1
portege,1
ugos,1
freaking,1
bimbo,1
lay,1
eshxxxxxxxxxxx,1
arab,1
sez,1
garments,1
musta,1
myspace,1
logging,1
salmon,1
weekdays,1
geoenvironmental,1
implications,1
fumbling,1
jewelry,1
fuuuuck,1
method,1
leg,1
uploaded,1
wrkin,1
partners,1
awkward,1
logged,1
splash,1
motherfucker,1
woodland,1
downloaded,1
avenue,1
recreation,1
inmind,1
homewot,1
travelling,1
stevelike,1
scouse,1
manky,1
lavender,1
snd,1
diseases,1
watrdayno,1
dawhere,1
unintentionally,1
wenever,1
familymay,1
princes,1
judgementali,1
fridays,1
hits,1
cin,1
ward,1
hopeu,1
texd,1
nitw,1
hellogorgeous,1
tolerance,1
hidid,1
eventually,1
deary,1
notes,1
bot,1
allow,1
waheeda,1
litres,1
problms,1
milkdayno,1
loo,1
bcaz,1
renewal,1
glands,1
swollen,1
bawling,1
helloed,1
useless,1
truble,1
awww,1
billy,1
telephone,1
magazine,1
parish,1
failure,1
stu,1
colourful,1
lemondayno,1
dual,1
leafdayno,1
tulsi,1
appledayno,1
breezy,1
haircut,1
hostile,1
games,1
vibrant,1
gays,1
stability,1
view,1
tranquility,1
hates,1
evone,1
drastic,1
foned,1
penny,1
jb,1
depression,1
familiar,1
whatычs,1
receiptsыуwell,1
kwish,1
outsider,1
foward,1
perf,1
misundrstud,1
allday,1
fortune,1
posts,1
panalambut,1
approve,1
meatballs,1
infact,1
latebut,1
lamp,1
hont,1
conveying,1
sonot,1
perspective,1
puts,1
teethif,1
nannys,1
asapok,1
doingwhat,1
hellohow,1
kip,1
shite,1
isnехt,1
cornwall,1
canехt,1
med,1
prescribed,1
serena,1
treatin,1
answerin,1
absence,1
willpower,1
reapply,1
elaborate,1
unconvinced,1
treacle,1
evey,1
mumhas,1
mj,1
hwkeep,1
load,1
fiting,1
hubby,1
еи,1
mnth,1
amrca,1
hockey,1
genes,1
resuming,1
camp,1
hlday,1
shouldnычt,1
elections,1
casting,1
prin,1
lineyou,1
skinny,1
jokethet,1
tomorrowtoday,1
ashwini,1
ыthanks,1
debating,1
youso,1
chuck,1
florida,1
boatin,1
docks,1
mines,1
spinout,1
remet,1
tuth,1
mw,1
attended,1
uworld,1
qbank,1
messagepandy,1
assessment,1
tke,1
thisdon,1
daalways,1
juswoke,1
stuffs,1
eviction,1
cricket,1
nightswe,1
hut,1
bookedthe,1
skye,1
daplease,1
closeby,1
edward,1
liaotoo,1
port,1
raglan,1
suffers,1
riddance,1
michael,1
spiral,1
dahe,1
temales,1
vidnot,1
eye,1
faithevening,1
hopeafternoon,1
valuemorning,1
dayhas,1
ifwhenhow,1
general,1
misstake,1
absolutely,1
daylove,1
deyhope,1
swhrt,1
swan,1
teams,1
hidden,1
drmstake,1
craigslist,1
finishd,1
friendofafriend,1
gravy,1
meals,1
kfc,1
enjoying,1
lunsford,1
dealer,1
dull,1
treadmill,1
studies,1
jetton,1
todaygood,1
restwish,1
luvnight,1
anyones,1
muchimpede,1
mi,1
entirely,1
ltemailgt,1
calldrove,1
cudnt,1
dearregret,1
toldshe,1
supreme,1
meat,1
opportunitypls,1
defo,1
apt,1
heroi,1
posterode,1
poyyarikaturkolathupalayamunjalur,1
syllabus,1
nobut,1
ctla,1
homeleft,1
carente,1
ishtamayoohappy,1
bakrid,1
knowwait,1
glorious,1
finds,1
content,1
coaxing,1
images,1
fond,1
souveniers,1
cougarpen,1
scratches,1
nanny,1
zoe,1
helen,1
charlie,1
beth,1
hesitate,1
gymnastics,1
christians,1
backa,1
token,1
youthats,1
likingbe,1
seeno,1
thatdont,1
aptitude,1
horse,1
wrongly,1
borin,1
boggy,1
biatch,1
weakness,1
escalator,1
notebook,1
eightish,1
carpark,1
ahthe,1
tomorrowcall,1
ireneere,1
cresubi,1
parkph,1
daysмn,1
sd,1
july,1
relaxing,1
stripes,1
skirt,1
shitin,1
hardest,1
natwest,1
hershe,1
sorrowsi,1
herwill,1
hermy,1
namemy,1
breath,1
dreamlove,1
thoughtsi,1
millions,1
meshe,1
attractioni,1
pokkiri,1
surya,1
sculpture,1
copies,1
proove,1
planeti,1
praises,1
makiing,1
sambarlife,1
thenwill,1
needle,1
meetitz,1
conected,1
spatula,1
calis,1
complexities,1
freely,1
taxes,1
outrageous,1
ryder,1
unsoldnow,1
dvd,1
tul,1
korche,1
howre,1
lekdog,1
blankets,1
sufficient,1
atten,1
iехd,1
doesnехt,1
soiree,1
data,1
analysis,1
belligerent,1
les,1
rudi,1
snoringthey,1
ink,1
throwing,1
iccha,1
processnetworking,1
daysso,1
finalise,1
visitneed,1
dentist,1
lul,1
nurses,1
obese,1
oyea,1
ami,1
parchi,1
kicchu,1
kaaj,1
korte,1
chad,1
code,1
chikkuali,1
babyhope,1
ana,1
lovejen,1
overdose,1
probthat,1
bettersn,1
urfeeling,1
activate,1
permissions,1
tigress,1
inner,1
mattermsg,1
officewhats,1
swear,1
trauma,1
sathy,1
rto,1
spoons,1
corvettes,1
bunkers,1
philosophical,1
hole,1
goodno,1
problembut,1
atleast,1
shakespeare,1
woul,1
curfew,1
gibe,1
getsleep,1
studdying,1
massages,1
realizes,1
doug,1
impress,1
yourjob,1
petey,1
whereare,1
friendsare,1
thekingshead,1
canlove,1
dled,1
smokin,1
boooo,1
ssnervous,1
costumes,1
yowifes,1
youi,1
dobby,1
enjoyin,1
hunnyhope,1
guitar,1
iехllspeak,1
soonlots,1
xxxx,1
starshine,1
sips,1
bits,1
turned,1
burial,1
rv,1
hol,1
roadsrvx,1
comprehensive,1
prashanthettans,1
samantha,1
yoyyooo,1
unsoldmike,1
retired,1
fro,1
writhing,1
stuffed,1
kkare,1
vomitin,1
shoulders,1
samus,1
owo,1
hussey,1
ore,1
congratulations,1
alternativehope,1
fridayhope,1
kvb,1
slices,1
tons,1
paypal,1
voila,1
pockets,1
sorta,1
blown,1
scores,1
sophas,1
secondary,1
applying,1
ogunrinde,1
lodging,1
chk,1
ms,1
dict,1
shb,1
dobbys,1
chikkuil,1
magicalsongsblogspotcom,1
blogging,1
invoices,1
faglord,1
nutter,1
cutter,1
ctter,1
cttergg,1
cttargg,1
ctargg,1
ctagg,1
thus,1
superb,1
grateful,1
happier,1
agents,1
experiment,1
smell,1
websitenow,1
tobacco,1
assumed,1
grinule,1
fudge,1
oreos,1
zahers,1
nauseous,1
dieting,1
reminder,1
ashleys,1
avalarr,1
hollalater,1
rounds,1
todaybut,1
strips,1
postal,1
addressull,1
leonas,1
tiempo,1
buen,1
un,1
pases,1
que,1
fredericksburg,1
korean,1
everyso,1
unfolds,1
emergency,1
surgical,1
ax,1
completing,1
mondaynxt,1
compass,1
worldgnun,1
waysmscom,1
baaaaabe,1
misss,1
youuuuu,1
convince,1
witot,1
buyer,1
melike,1
becz,1
undrstndng,1
avoids,1
suffer,1
steamboat,1
forgive,1
tp,1
pattys,1
gauge,1
heartsnot,1
girlie,1
fifty,1
settling,1
happenin,1
cocksuckers,1
ipads,1
worthless,1
novelty,1
items,1
tshirt,1
janx,1
designation,1
developer,1
spirit,1
shattered,1
colours,1
syria,1
darker,1
styling,1
gray,1
remembr,1
listn,1
watevr,1
whileamp,1
minus,1
paragraphs,1
coveragd,1
vasai,1
retard,1
bathroom,1
icic,1
bbq,1
panicks,1
alrightokay,1
intrepid,1
ducking,1
yagoing,1
twittering,1
fresh,1
breeze,1
duo,1
wisheds,1
outhave,1
recognises,1
entire,1
determine,1
whose,1
spreadsheet,1
worriedx,1
chinchillas,1
function,1
headstart,1
earlierwe,1
rummer,1
flying,1
rajini,1
spys,1
yalru,1
astne,1
innu,1
mundhe,1
ali,1
halla,1
bilo,1
marriageprogram,1
edhae,1
interviw,1
boyf,1
beforewent,1
ironing,1
auntie,1
huai,1
path,1
appear,1
paths,1
reserve,1
thirunelvali,1
evei,1
netno,1
availablei,1
tackle,1
tonght,1
ploughing,1
pile,1
chinky,1
nofew,1
wi,1
nz,1
geelater,1
aust,1
bk,1
recharged,1
papa,1
detailed,1
losers,1
beta,1
kkany,1
noncomittal,1
snickering,1
chords,1
destination,1
wheellock,1
publish,1
hme,1
hangin,1
cstore,1
breaking,1
flippin,1
velachery,1
islands,1
macs,1
certificate,1
melody,1
drms,1
ntswt,1
passthey,1
balloon,1
computerless,1
alivebetter,1
lodge,1
worrying,1
quizzes,1
popcorn,1
thin,1
faultal,1
arguments,1
faultfed,1
himso,1
thanxxx,1
semi,1
maaaan,1
guessin,1
ilol,1
personally,1
wuldnt,1
neighbors,1
veggie,1
comment,1
evaluation,1
gifts,1
cliff,1
wrking,1
sittin,1
drops,1
hen,1
smoked,1
sfirst,1
timedhoni,1
teju,1
hourish,1
nothis,1
groundamla,1
convenience,1
cheyyamoand,1
peeps,1
throws,1
brothers,1
errors,1
correction,1
painhope,1
tau,1
piah,1
ohas,1
shades,1
copied,1
sitter,1
kaitlyn,1
adult,1
danger,1
lunchtime,1
organise,1
passable,1
plumbingremixed,1
glass,1
exhibition,1
el,1
nino,1
himself,1
chikkugoing,1
downstem,1
wahala,1
inperialmusic,1
listeningthe,1
byеуleafcutter,1
johnеуsounds,1
insects,1
molestedsomeone,1
evil,1
shun,1
acid,1
didntgive,1
bellearlier,1
cheery,1
collected,1
weirdo,1
stalk,1
profiles,1
heygreat,1
dealfarm,1
pax,1
deposit,1
jap,1
disappeared,1
bian,1
monlrsx,1
phd,1
nhite,1
prakesh,1
betta,1
aging,1
products,1
submitting,1
snatch,1
hellodrivbyquit,1
edrunk,1
iff,1
pthis,1
senrddnot,1
dancce,1
drum,1
basqihave,1
ros,1
everythin,1
xxxxxxx,1
relieved,1
westonzoyland,1
greatness,1
europe,1
goinbed,1
onlymore,1
mc,1
nitetell,1
ava,1
goodtimeoli,1
melnite,1
ifink,1
sortedbut,1
uncountable,1
woohoo,1
weighed,1
tonitethings,1
appropriate,1
gurl,1
ollubut,1
raksha,1
edukkukayee,1
okvarunnathu,1
streetshall,1
tadaaaaa,1
tonitebusy,1
dearshall,1
cruisin,1
ahold,1
celebrations,1
theater,1
diesel,1
fridge,1
womdarfull,1
remb,1
jos,1
bookshelf,1
waythis,1
uniquei,1
mylife,1
kkadvance,1
gon,1
guild,1
kkapo,1
kgood,1
evaporated,1
privacy,1
stealing,1
mack,1
rob,1
objection,1
youwhen,1
dogg,1
refund,1
kkgoodstudy,1
prediction,1
register,1
ubandu,1
diskyou,1
scenery,1
elama,1
mudyadhu,1
strict,1
gandhipuram,1
cross,1
rubber,1
hearing,1
narcotics,1
pleassssssseeeeee,1
sportsx,1
baig,1
watches,1
uve,1
ups,1
usps,1
bribe,1
nipost,1
suzy,1
luton,1
h,1
sometme,1
evo,1
employers,1
wined,1
attractive,1
award,1
tayseertissco,1
newsby,1
wahleykkumsharing,1
salam,1
monthnot,1
calculated,1
performance,1
dined,1
lap,1
kickboxing,1
owl,1
wallet,1
followin,1
repairs,1
joinedhope,1
fineinshah,1
allahmeet,1
sometimerakheshvisitor,1
hmmmkbut,1
stoners,1
disastrous,1
fav,1
busetop,1
iron,1
okies,1
wendy,1
goal,1
yesfrom,1
siva,1
sentiment,1
rowdy,1
prabu,1
verifying,1
becaus,1
aig,1
hiding,1
huiming,1
prestige,1
jeremiah,1
iphone,1
apeshit,1
safely,1
callingforgot,1
onam,1
sirjii,1
personmeet,1
insha,1
allahrakhesh,1
tata,1
tisscotayseer,1
taught,1
andrewsboy,1
chikkudb,1
audreys,1
sunshine,1
dawns,1
refreshed,1
z,1
uniform,1
spoil,1
lindsay,1
bars,1
heron,1
payasam,1
rinu,1
alter,1
ga,1
enc,1
mallika,1
youhow,1
seekers,1
burger,1
sehwag,1
yesgauti,1
sherawat,1
embarassing,1
babyjontet,1
offered,1
cave,1
accomodations,1
crashing,1
smarter,1
thinked,1
performed,1
peoples,1
operate,1
tas,1
multis,1
factory,1
kanoil,1
youычll,1
casualty,1
stuffmoro,1
includes,1
telugu,1
moviewat,1
loans,1
hairdressers,1
beforehand,1
uham,1
suckers,1
sucker,1
stubborn,1
ahhh,1
jurong,1
amore,1
aids,1
patent,1
cried,1
breather,1
granted,1
fulfil,1
kim,1
gota,1
ffffffffff,1
forced,1
convincing,1
packing,1
vaguely,1
immunisation,1
apologetic,1
fallen,1
actin,1
spoilt,1
badly,1
fainting,1
housework,1
cuppa,1
timings,1
watts,1
arabian,1
steed,1
endowed,1
hep,1
ams,1
signin,1
memorable,1
lager,1
dirt,1
chores,1
exist,1
hail,1
mist,1
aaooooright,1
meare,1
envy,1
sees,1
parentsi,1
excited,1
cultures,1
missunderstding,1
bridge,1
axis,1
nevering,1
surname,1
clue,1
spanish,1
begins,1
goodfine,1
lifted,1
hopes,1
approaches,1
greatbye,1
handsome,1
finding,1
league,1
ors,1
stool,1
typical,1
sindu,1
ip,1
sao,1
minecraft,1
server,1
grumpy,1
lying,1
plural,1
dinnermsg,1
openin,1
formal,1
weighthaha,1
eggpotato,1
ratio,1
hmmmy,1
applespairsall,1
malarky,1
predict,1
inour,1
knowyetunde,1
involve,1
imposed,1
del,1
lucyxx,1
tmorrowpls,1
accomodate,1
yijuehotmailcom,1
nver,1
cozsomtimes,1
biggest,1
hearts,1
dot,1
ummmawill,1
attitude,1
urination,1
sounding,1
sdrybi,1
bfore,1
cherthalain,1
dearme,1
tomorw,1
imprtant,1
crying,1
scrappy,1
sth,1
freaky,1
piggy,1
wetherspoons,1
ditto,1
lakhs,1
carlosll,1
starti,1
accordinglyor,1
comingtmorow,1
engaged,1
purchase,1
entrepreneurs,1
alexs,1
corporation,1
ku,1
prevent,1
dehydration,1
fluids,1
soso,1
smsd,1
trek,1
harri,1
shitstorm,1
teacoffee,1
kalstiyathen,1
bakra,1
brighten,1
beauties,1
aunties,1
shock,1
friendships,1
grow,1
dismay,1
concerned,1
tootsie,1
seventeen,1
hundred,1
ml,1
biola,1
fetching,1
restock,1
allo,1
nange,1
braved,1
triumphed,1
bычham,1
uncomfortable,1
sonetimes,1
rough,1
wesleys,1
dealers,1
cloud,1
wikipediacom,1
repent,1
positions,1
kama,1
sutra,1
attributed,1
specs,1
hillsborough,1
beautifulmay,1
grandmas,1
acting,1
vibrate,1
isare,1
youcarlos,1
christmasmerry,1
worklove,1
membership,1
possiblehope,1
faith,1
sorryi,1
caveboy,1
gaze,1
wahay,1
hungover,1
gua,1
faber,1
dramatic,1
hunting,1
drunkard,1
idc,1
weaseling,1
trash,1
punish,1
beerage,1
randomlly,1
fixes,1
spelling,1
fondly,1
ywhere,1
dogbreath,1
realised,1
clocks,1
hadnt,1
madthen,1
px,1
macha,1
upseti,1
mindsetbelieve,1
uslet,1
againcall,1
sfine,1
wondar,1
flim,1
jelly,1
stillmaybe,1
sameso,1
itor,1
admiti,1
correctionor,1
dearrakhesh,1
lifeand,1
worldmay,1
runninglets,1
scrumptious,1
dao,1
jide,1
visiting,1
steak,1
convincingjust,1
neglect,1
itjust,1
opportunityall,1
fastpls,1
prayers,1
handsomes,1
hundreds,1
himthen,1
reunion,1
nuerologist,1
reache,1
rec,1
jackson,1
accenture,1
nowcan,1
ralphs,1
soonc,1
glory,1
faded,1
falconerf,1
thuglyfe,1
jaykwon,1
mcr,1
lolnice,1
westshore,1
significance,1
gs,1
ammo,1
ak,1
nojst,1
sno,1
problematic,1
unconscious,1
adults,1
abnormally,1
rude,1
doublefaggot,1
bani,1
leads,1
buttons,1
whenre,1
machiany,1
ahwhat,1
transferacc,1
shoul,1
txtjourney,1
gdnow,1
werethe,1
monkeespeople,1
monkeyaround,1
howdy,1
blimey,1
exercise,1
concentration,1
hanks,1
lotsly,1
kkwhat,1
detail,1
optimistic,1
differbe,1
amy,1
consistently,1
practicum,1
links,1
ears,1
feelingwavering,1
individualtime,1
heal,1
oral,1
slippery,1
bike,1
enters,1
removed,1
differ,1
famous,1
unconditionally,1
temper,1
meive,1
freek,1
ridden,1
missy,1
goggles,1
arguing,1
arngd,1
walkin,1
unfortuntly,1
bites,1
frnt,1
sayin,1
exwife,1
jjc,1
tendencies,1
gotany,1
ninish,1
srsly,1
yi,1
prix,1
stands,1
nitz,1
blastin,1
occur,1
rajnikant,1
oceand,1
bridgwater,1
banter,1
bestrply,1
dependents,1
cer,1
icky,1
brownie,1
oclock,1
tactless,1
bash,1
cooped,1
invitation,1
cali,1
weddin,1
alibi,1
sink,1
paces,1
cage,1
surrounded,1
cuck,1
weeddeficient,1
acknowledgement,1
astoundingly,1
oath,1
meim,1
magic,1
silly,1
isnычt,1
uv,1
causes,1
mutations,1
sunscreen,1
thesedays,1
lunchyou,1
onlinewhy,1
haven,1
bao,1
sugardad,1
ahgee,1
ovr,1
vargu,1
figuring,1
kdo,1
srs,1
drinkpa,1
kanji,1
jungle,1
pansy,1
daurgent,1
barcelona,1
telephonic,1
easiest,1
jenne,1
locks,1
famamus,1
rr,1
carso,1
drizzling,1
appointments,1
excused,1
drama,1
plsi,1
struggling,1
placeno,1
ego,1
necessity,1
gowait,1
reppurcussions,1
cosign,1
hcl,1
requires,1
freshers,1
processexcellent,1
neededsalary,1
imaginationmy,1
poet,1
candont,1
brum,1
suply,1
projects,1
imf,1
blocked,1
corrupt,1
itna,1
karo,1
pura,1
padhegm,1
torrents,1
particularly,1
slowing,1
commit,1
rightio,1
scorable,1
onum,1
paranoid,1
brin,1
sheet,1
kgive,1
complain,1
onlybettr,1
bsnl,1
offc,1
payed,1
suganya,1
dessert,1
abeg,1
profit,1
sponsors,1
mssuman,1
bids,1
deposited,1
ultimately,1
weычll,1
korli,1
achieve,1
tui,1
motive,1
tor,1
pressies,1
restuwud,1
goods,1
someplace,1
burnt,1
promptly,1
honestly,1
grief,1
dock,1
rolled,1
newscaster,1
dabbles,1
flute,1
wheel,1
theth,1
october,1
elaborating,1
safety,1
aspects,1
oursso,1
youany,1
flow,1
developed,1
ovarian,1
cysts,1
prior,1
concern,1
fuelled,1
misplaced,1
reliant,1
fwiw,1
afford,1
kanowhr,1
sq,1
arrival,1
citylink,1
props,1
pleasant,1
statements,1
bognor,1
splendid,1
yesim,1
ktv,1
computers,1
shoranur,1
begun,1
registration,1
permanent,1
residency,1
claire,1
risks,1
benefits,1
hmmmhow,1
predicting,1
accumulation,1
programs,1
belongs,1
herwho,1
fated,1
taxless,1
lac,1
meow,1
brdget,1
takenonly,1
studio,1
newshype,1
hmmbad,1
inever,1
jones,1
alls,1
stalking,1
meaningless,1
lifetime,1
watchin,1
dust,1
godid,1
reminds,1
velly,1
marking,1
vai,1
hanger,1
blanket,1
significant,1
waqt,1
pehle,1
naseeb,1
zyada,1
kisi,1
ko,1
kuch,1
miltazindgi,1
hum,1
sochte,1
zindgi,1
doctors,1
official,1
raised,1
albumquite,1
waliking,1
cartons,1
shelves,1
mirror,1
jod,1
keris,1
smidgin,1
collegexx,1
intentions,1
accordin,1
knocking,1
sicomo,1
nolistenedthe,1
plaid,1
gdthe,1
shifad,1
hilariousalso,1
boughtеуbraindanceеуa,1
compofstuff,1
aphexехs,1
abel,1
nelson,1
bbs,1
unmits,1
newspapers,1
yummmm,1
puzzeles,1
include,1
threats,1
sales,1
jeetey,1
reminded,1
directors,1
laying,1
dialogue,1
chiong,1
cl,1
whassup,1
byatch,1
neshanthtel,1
doke,1
varaya,1
limits,1
pressure,1
gained,1
batt,1
franyxxxxx,1
cheered,1
reltnship,1
pose,1
comb,1
dryer,1
fps,1
computational,1
madamregret,1
disturbancemight,1
dlf,1
premaricakindly,1
informedrgdsrakheshkerala,1
err,1
kbut,1
hitteranyway,1
offline,1
anjolas,1
txting,1
asusual,1
goodmate,1
cakes,1
problemi,1
elaya,1
anand,1
offers,1
beach,1
expected,1
deadwell,1
jez,1
iscoming,1
todo,1
workand,1
whilltake,1
zogtorius,1
iехve,1
financial,1
alian,1
transcribing,1
posible,1
century,1
cm,1
frwd,1
sorts,1
owned,1
possessive,1
nohe,1
clarification,1
coimbatore,1
opinions,1
categories,1
ethnicity,1
census,1
shrink,1
onit,1
upping,1
reserved,1
transfred,1
harishs,1
groovying,1
groovy,1
printer,1
wall,1
durham,1
thatnow,1
cedar,1
vs,1
butting,1
crucify,1
gayle,1
smith,1
acnt,1
nowadayslot,1
showroomscity,1
shaping,1
attending,1
doinat,1
callon,1
rons,1
kkyesterday,1
configure,1
settings,1
iыєm,1
isnыєt,1
anal,1
pears,1
summer,1
such,1
nora,1
explicitly,1
dancin,1
com,1
possessiveness,1
poured,1
golden,1
lasting,1
wtc,1
weiyi,1
private,1
godtaken,1
teethis,1
paining,1
maggi,1
mee,1
nasty,1
cough,1
bbdpooja,1
gudni,1
pimpleseven,1
blackand,1
sweatter,1
ambitious,1
miiiiiiissssssssss,1
tunji,1
misscall,1
frndz,1
wipro,1
tall,1
robs,1
avenge,1
choices,1
toss,1
oooooh,1
weехve,1
grams,1
sapna,1
sports,1
agidhane,1
swalpa,1
hogidhechinnu,1
yday,1
manege,1
hadya,1
mint,1
jabo,1
doesdiscountshitinnit,1
ikno,1
nonenowhere,1
jet,1
iter,1
typelyk,1
footblcrckt,1
swell,1
tim,1
bollox,1
tol,1
ingredients,1
pocy,1
non,1
senor,1
giggle,1
possibly,1
persondie,1
nvq,1
grinder,1
youkwhere,1
buyers,1
fusion,1
nuclear,1
description,1
woozles,1
uxxxx,1
humans,1
studyn,1
everyboy,1
xxxxxxxx,1
brilliantthingi,1
answr,1
liquor,1
loko,1
lined,1
laughs,1
fireplace,1
icon,1
fifth,1
weasels,1
cons,1
machines,1
ignorant,1
mys,1
downs,1
fletcher,1
teaching,1
bowls,1
cozy,1
nightnobody,1
buzzzz,1
vibrator,1
shake,1
trends,1
pros,1
showers,1
courtroom,1
twiggs,1
pandy,1
taxt,1
argentina,1
uscedu,1
olowoyey,1
todayhe,1
technologies,1
gobi,1
affidavit,1
smear,1
checkup,1
kochi,1
rcbbattle,1
prasad,1
held,1
massagetiepos,1
lool,1
taylors,1
shaking,1
timeslil,1
busyi,1
scarcasim,1
naal,1
eruku,1
chikkuwat,1
impressively,1
sensible,1
alsoor,1
danalla,1
obedient,1
ft,1
combination,1
sundayish,1
coupla,1
digi,1
luckily,1
timin,1
apes,1
ibm,1
hp,1
gosh,1
spose,1
rimac,1
arestaurant,1
squid,1
dosomething,1
ucall,1
wrki,1
dabooks,1
eachother,1
starring,1
forfeit,1
restocked,1
smoothly,1
challenging,1
nightsexcellent,1
breakfast,1
hamper,1
reality,1
daal,1
above,1
unni,1
rechargerakhesh,1
lacking,1
particular,1
dramastorms,1
needy,1
playng,1
yupz,1
firefox,1
ringing,1
houseful,1
brats,1
pulling,1
nowonion,1
derp,1
abusers,1
lipo,1
easter,1
netflix,1
clash,1
arr,1
oscar,1
rebtel,1
user,1
kanagu,1
impressed,1
funs,1
teluguthts,1
replacing,1
ordered,1
mittelschmertz,1
paracetamol,1
salespee,1
arrived,1
cthen,1
conclusion,1
references,1
atyour,1
rugby,1
prices,1
tiz,1
modelsony,1
handing,1
ericson,1
der,1
luks,1
modl,1
cheesy,1
frosty,1
witin,1
nudist,1
themed,1
pump,1
signal,1
unusual,1
palm,1
printing,1
stated,1
pl,1
perpetual,1
dd,1
pract,1
flung,1
justbeen,1
overa,1
brains,1
mush,1
tunde,1
missions,1
avo,1
crashed,1
cuddled,1
chachi,1
tryin,1
collages,1
arty,1
desparately,1
hugh,1
entertaining,1
missionary,1
firesare,1
classmates,1
stereo,1
wad,1
agesring,1
specialise,1
sc,1
nus,1
wherebtw,1
ahnow,1
slovely,1
laurie,1
praps,1
jon,1
spain,1
dinero,1
ефrents,1
pes,1
hunnywot,1
bedroomlove,1
complaining,1
finns,1
downon,1
theacusations,1
itxt,1
iwana,1
wotu,1
thewend,1
ghodbandar,1
tookplace,1
accidant,1
compromised,1
somewhat,1
laden,1
wrecked,1
six,1
spontaneously,1
goodevening,1
sif,1
spageddies,1
phasing,1
fourth,1
dimension,1
yesbut,1
meaningful,1
lines,1
lmaonice,1
kilos,1
dub,1
je,1
toughest,1
squatting,1
sonathaya,1
soladha,1
cd,1
raping,1
dudes,1
weightloss,1
mushy,1
embarrassed,1
stash,1
priya,1
haventcn,1
nething,1
bam,1
learned,1
traveling,1
honest,1
stable,1
afghanistan,1
iraq,1
fake,1
careabout,1
satlove,1
urmomi,1
itriedtell,1
iwasmarinethatехs,1
intend,1
ui,1
tvlol,1
blessget,1
pai,1
seh,1
parts,1
walsall,1
tue,1
terry,1
chatting,1
ccna,1
shrek,1
db,1
fellow,1
somethings,1
dying,1
lifting,1
teresa,1
dec,1
yessura,1
recharge,1
edition,1
bac,1
dine,1
vtired,1
services,1
inspection,1
nursery,1
detailsi,1
youmy,1
follow,1
itmail,1
panren,1
paru,1
chuckin,1
trainners,1
carryin,1
gooddhanush,1
algorithms,1
needing,1
chikkusimple,1
habbahw,1
dileepthank,1
muchand,1
supportvery,1
hereremember,1
venugopal,1
mentionedtomorrow,1
latei,1
theregoodnight,1
remembrs,1
everytime,1
textbook,1
fly,1
wright,1
dammit,1
shouting,1
bleak,1
degree,1
conference,1
nordstrom,1
earliest,1
dang,1
sooo,1
keen,1
nike,1
employee,1
hicts,1
speling,1
corect,1
lovin,1
shant,1
nearer,1
raiden,1
totes,1
pierre,1
cardin,1
establish,1
truro,1
ext,1
worryuse,1
cloth,1
packalso,1
sunroof,1
blanked,1
image,1
kalainar,1
officethenampet,1
bestcongrats,1
kall,1
glasgow,1
moneyas,1
meowd,1
prone,1
permission,1
dose,1
tablet,1
incomm,1
waitshould,1
lotr,1
maps,1
tiring,1
concentrating,1
browsin,1
compulsory,1
investigate,1
youmoney,1
champ,1
thinghow,1
vitamin,1
crucial,1
someones,1
hostbased,1
idps,1
linux,1
systems,1
converter,1
sayy,1
peteis,1
leannewhat,1
format,1
disc,1
nosy,1
reacting,1
freaked,1
wizzle,1
rawring,1
xoxo,1
somewhr,1
crushes,1
honeymoon,1
outfit,1
cheque,1
leo,1
patty,1
donewant,1
haul,1
wildlife,1
wantcome,1
thatworzels,1
shanghai,1
millers,1
cya,1
thnx,1
sef,1
anjie,1
fring,1
nte,1
doesnычt,1
talents,1
animal,1
shiny,1
warming,1
french,1
fooled,1
comedycant,1
spark,1
anyhow,1
satanic,1
psychologist,1
imposter,1
meneed,1
priceso,1
itmay,1
destiny,1
companion,1
chef,1
listener,1
organizer,1
sympathetic,1
athletic,1
courageous,1
determined,1
dependable,1
pest,1
withdraw,1
exterminator,1
psychiatrist,1
healer,1
stylist,1
aaniye,1
pudunga,1
venaam,1
chez,1
jules,1
hhahhaahahah,1
nig,1
leonardo,1
dereks,1
strain,1
yould,1
aid,1
werent,1
guesses,1
ryan,1
platt,1
nickey,1
nobbing,1
washob,1
attach,1
supplies,1
strongly,1
lara,1
andor,1
readiness,1
simulate,1
autocorrect,1
audrie,1
spotty,1
province,1
sterling,1
problemfree,1
hall,1
term,1
hesitation,1
intha,1
ponnungale,1
ipaditan,1
rejected,1
noisy,1
needa,1
sfrom,1
manual,1
processits,1
reset,1
samachara,1
mathe,1
howda,1
blackim,1
gari,1
thkin,1
resubbing,1
shadow,1
breadstick,1
saeed,1
redim,1
blueu,1
purpleu,1
pinku,1
orangei,1
lyk,1
greeni,1
yelowi,1
browni,1
dice,1
arranging,1
eldest,1
drugdealer,1
wondarfull,1
hunonbus,1
donyt,1
homebut,1
latelyxxx,1
ownyouve,1
stressed,1
skallis,1
soooo,1
provider,1
cutest,1
troubleshooting,1
beg,1
usmle,1
yam,1
ooh,1
cliffs,1
nearby,1
jaklin,1
beehoon,1
fishhead,1
claypot,1
creativity,1
porridge,1
chinatown,1
grown,1
sip,1
ibuprofens,1
popping,1
moseley,1
weds,1
thankyou,1
pendingi,1
dayswill,1
thrurespect,1
homecheck,1
loveable,1
eternal,1
noble,1
truthful,1
intimate,1
enamous,1
textin,1
amigos,1
burn,1
progress,1
original,1
yavnt,1
outlr,1
comei,1
stifled,1
requirements,1
strangersaw,1
dave,1
heехs,1
nowstill,1
bloke,1
mrur,1
getha,1
nosh,1
waaaat,1
lololo,1
tables,1
occupied,1
documents,1
urgoin,1
submitted,1
stapati,1
cutie,1
hills,1
honesty,1
specialisation,1
labor,1
shakara,1
beggar,1
smashed,1
dent,1
crickiting,1
imin,1
towndontmatter,1
cereals,1
storelike,1
jot,1
lark,1
angels,1
lambda,1
placed,1
parachute,1
lim,1
stations,1
jog,1
subtoitles,1
unhappy,1
unconsciously,1
biro,1
pen,1
jontin,1
srt,1
snowball,1
ello,1
ofice,1
oficegot,1
duffer,1
grr,1
pharmacy,1
nor,1
fffff,1
lifebook,1
zhong,1
qing,1
act,1
accordingly,1
hypertension,1
mineall,1
annoyin,1
supports,1
readyall,1
sh,1
kissing,1
squishy,1
mwahs,1
prominent,1
cheek,1
september,1
norm,1
comingdown,1
dagood,1
murali,1
playerwhy,1
sts,1
engalnd,1
mia,1
elliot,1
wiproyou,1
wicked,1
matric,1
payments,1
fedex,1
kyou,1
reception,1
consensus,1
entertain,1
tag,1
bras,1
strewn,1
pillows,1
weaknesses,1
exposes,1
pulls,1
nigro,1
scratching,1
anyplaces,1
previews,1
african,1
soil,1
roles,1
community,1
outreach,1
lb,1
brilliantly,1
forwarding,1
intention,1
visitors,1
rules,1
bend,1
thia,1
inlude,1
ambrithmaduraimet,1
converted,1
dha,1
marrgeremembr,1
kitty,1
shaved,1
anybodys,1
tactful,1
eggspert,1
potato,1
headы,1
crammed,1
satsgettin,1
apologize,1
admit,1
pei,1
ssindia,1
memory,1
priority,1
tescos,1
ecstasy,1
hittng,1
reflex,1
adewale,1
egbon,1
minstand,1
mary,1
deduct,1
wrks,1
monkey,1
asshole,1
grab,1
sliding,1
payback,1
feathery,1
curtsey,1
bowa,1
infra,1
gep,1
shhhhh,1
related,1
arul,1
amk,1
length,1
santha,1
corrct,1
dane,1
baskets,1
rupaul,1
practising,1
bitching,1
